dataset,algorithm,config,recall@10,qps,robustness@0.1,robustness@0.3,robustness@0.5,robustness@0.7,robustness@0.9,map@10,ndcg@10,mrr@10,tail95,tail99,tail999
text2image-10M,faiss-ivfpqfs,"FaissIVFPQfs(n_list=10000, n_probe=128, k_reorder=0)",0.312594,1895.0507671882722,0.93676,0.60847,0.22388,0.03834,0.00185,21.29898496031746,3.6073365580753354,6.837427341269842,0.0,0.0,0.0
text2image-10M,faiss-ivfpqfs,"FaissIVFPQfs(n_list=10000, n_probe=16, k_reorder=0)",0.29503,13374.3057838564,0.92405,0.56958,0.19417,0.0305,0.00131,19.425530238095238,3.3757511871290347,6.4716894444444435,0.0,0.0,0.0
text2image-10M,faiss-ivfpqfs,"FaissIVFPQfs(n_list=10000, n_probe=2, k_reorder=0)",0.214819,51537.72560865771,0.80116,0.38227,0.10501,0.01349,0.00047,12.683169246031747,2.393153919370601,4.790880595238095,0.0,0.0,0.0
text2image-10M,faiss-ivfpqfs,"FaissIVFPQfs(n_list=10000, n_probe=256, k_reorder=0)",0.313763,985.1019600107091,0.93738,0.61031,0.22603,0.03926,0.00193,21.452351190476193,3.6250895521402398,6.869014960317462,0.0,0.0,0.0
text2image-10M,faiss-ivfpqfs,"FaissIVFPQfs(n_list=10000, n_probe=32, k_reorder=0)",0.304609,7671.050144968499,0.93151,0.5917,0.21015,0.03479,0.00151,20.420214246031748,3.500661745622253,6.669001428571429,0.0,0.0,0.0
text2image-10M,faiss-ivfpqfs,"FaissIVFPQfs(n_list=10000, n_probe=4, k_reorder=0)",0.252471,40818.8798842128,0.87027,0.47012,0.14016,0.01897,0.0008,15.599598333333333,2.8429477454966494,5.578467896825398,0.0,0.0,0.0
text2image-10M,faiss-ivfpqfs,"FaissIVFPQfs(n_list=10000, n_probe=512, k_reorder=0)",0.31426699999999996,467.087415925097,0.93758,0.61098,0.22707,0.03953,0.00194,21.514885039682543,3.6319565384270227,6.878865674603175,0.0,0.0,0.0
text2image-10M,faiss-ivfpqfs,"FaissIVFPQfs(n_list=10000, n_probe=64, k_reorder=0)",0.30978,3785.0349122956186,0.93459,0.6032,0.2184,0.03737,0.00165,20.983000317460316,3.5692856890406803,6.775103968253969,0.0,0.0,0.0
text2image-10M,faiss-ivfpqfs,"FaissIVFPQfs(n_list=10000, n_probe=8, k_reorder=0)",0.278503,21354.011995156645,0.90633,0.53278,0.17122,0.0248,0.0011,17.85505484126984,3.1650560576334263,6.123775912698412,0.0,0.0,0.0
text2image-10M,faiss-ivfpqfs,"FaissIVFPQfs(n_list=10000, n_probe=128, k_reorder=1000)",0.965902,726.511547508358,0.99987,0.99923,0.99635,0.9841,0.92208,94.7345633730159,9.669792909566544,9.843702142857142,0.8,0.6,0.3
text2image-10M,faiss-ivfpqfs,"FaissIVFPQfs(n_list=10000, n_probe=16, k_reorder=1000)",0.813049,1637.7068789472405,0.99531,0.96985,0.907,0.78927,0.57859,73.88111765873019,8.16879645828905,8.980851071428573,0.3,0.1,0.0
text2image-10M,faiss-ivfpqfs,"FaissIVFPQfs(n_list=10000, n_probe=2, k_reorder=1000)",0.452423,5856.717020216706,0.8836,0.6613,0.46684,0.30531,0.1666,34.55146329365079,4.57527580004906,6.109787341269842,0.0,0.0,0.0
text2image-10M,faiss-ivfpqfs,"FaissIVFPQfs(n_list=10000, n_probe=256, k_reorder=1000)",0.983223,582.3489761850194,0.99996,0.99972,0.99868,0.99443,0.96717,97.38857821428572,9.839465759843856,9.929031706349205,0.9,0.7,0.4
text2image-10M,faiss-ivfpqfs,"FaissIVFPQfs(n_list=10000, n_probe=32, k_reorder=1000)",0.885915,1426.8391775489513,0.99862,0.99068,0.96321,0.89462,0.72506,83.37534273809524,8.885764468041145,9.416856388888888,0.5,0.3,0.0
text2image-10M,faiss-ivfpqfs,"FaissIVFPQfs(n_list=10000, n_probe=4, k_reorder=1000)",0.590393,3571.54714603358,0.95351,0.81836,0.65081,0.46865,0.27808,48.25563277777779,5.95603163191907,7.356087063492063,0.1,0.0,0.0
text2image-10M,faiss-ivfpqfs,"FaissIVFPQfs(n_list=10000, n_probe=512, k_reorder=1000)",0.9917770000000001,269.13312381133545,0.99999,0.99991,0.99941,0.99746,0.98591,98.73516583333334,9.922937305416818,9.96889996031746,0.9,0.8,0.5
text2image-10M,faiss-ivfpqfs,"FaissIVFPQfs(n_list=10000, n_probe=64, k_reorder=1000)",0.935176,1013.6307577971768,0.99947,0.99723,0.98815,0.95502,0.84294,90.22326194444446,9.368534484448244,9.684051071428573,0.7,0.4,0.1
text2image-10M,faiss-ivfpqfs,"FaissIVFPQfs(n_list=10000, n_probe=8, k_reorder=1000)",0.713723,2182.1788305682385,0.98382,0.91794,0.80435,0.64114,0.4221,61.87633170634922,7.184321567897397,8.30985626984127,0.2,0.0,0.0
text2image-10M,faiss-ivfpqfs,"FaissIVFPQfs(n_list=10000, n_probe=128, k_reorder=100)",0.938326,1810.7063415677906,0.99954,0.99657,0.98707,0.95993,0.85489,91.03760972222221,9.425147029094468,9.764015793650794,0.7,0.4,0.1
text2image-10M,faiss-ivfpqfs,"FaissIVFPQfs(n_list=10000, n_probe=16, k_reorder=100)",0.8027179999999999,8838.78835021706,0.99479,0.9671,0.89986,0.77695,0.55757,72.62287920634921,8.07766158088687,8.947809166666666,0.3,0.1,0.0
text2image-10M,faiss-ivfpqfs,"FaissIVFPQfs(n_list=10000, n_probe=2, k_reorder=100)",0.45210999999999996,20399.64452523731,0.88356,0.66109,0.46655,0.30491,0.16616,34.5173905952381,4.5725946051138715,6.108783571428573,0.0,0.0,0.0
text2image-10M,faiss-ivfpqfs,"FaissIVFPQfs(n_list=10000, n_probe=256, k_reorder=100)",0.9524609999999999,949.5652686154082,0.9997,0.99722,0.99021,0.971,0.89213,93.19507230158729,9.56655885653724,9.84178595238095,0.7,0.5,0.1
text2image-10M,faiss-ivfpqfs,"FaissIVFPQfs(n_list=10000, n_probe=32, k_reorder=100)",0.8691760000000001,6205.3493010026805,0.99826,0.98793,0.95417,0.8757,0.68792,81.2524975,8.737843666050102,9.365522619047619,0.5,0.2,0.0
text2image-10M,faiss-ivfpqfs,"FaissIVFPQfs(n_list=10000, n_probe=4, k_reorder=100)",0.588868,16742.298931041376,0.9533,0.81759,0.64952,0.46671,0.27538,48.08595075396826,5.942900407640415,7.351262261904759,0.1,0.0,0.0
text2image-10M,faiss-ivfpqfs,"FaissIVFPQfs(n_list=10000, n_probe=512, k_reorder=100)",0.959236,471.64914604153824,0.99975,0.99752,0.99132,0.97457,0.90887,94.25092591269842,9.634034806474228,9.87733253968254,0.8,0.5,0.2
text2image-10M,faiss-ivfpqfs,"FaissIVFPQfs(n_list=10000, n_probe=64, k_reorder=100)",0.9124359999999999,3373.551452614818,0.99915,0.99462,0.97852,0.93221,0.78842,87.24166749999998,9.167008091636395,9.617694206349206,0.6,0.3,0.1
text2image-10M,faiss-ivfpqfs,"FaissIVFPQfs(n_list=10000, n_probe=8, k_reorder=100)",0.7089610000000001,13356.70661881614,0.98344,0.9161,0.80057,0.63515,0.41343,61.323220000000006,7.142532768186004,8.293672579365078,0.2,0.0,0.0
text2image-10M,faiss-ivfpqfs,"FaissIVFPQfs(n_list=10000, n_probe=128, k_reorder=10)",0.745613,1815.4693806921866,0.99576,0.96599,0.88106,0.70458,0.40282,66.60339083333334,7.703194154316657,9.15678896825397,0.3,0.1,0.0
text2image-10M,faiss-ivfpqfs,"FaissIVFPQfs(n_list=10000, n_probe=16, k_reorder=10)",0.667859,12056.672371372406,0.98965,0.92985,0.79678,0.5755,0.28055,56.53268769841271,6.87885686090873,8.50649376984127,0.2,0.0,0.0
text2image-10M,faiss-ivfpqfs,"FaissIVFPQfs(n_list=10000, n_probe=2, k_reorder=10)",0.413455,36894.58431332051,0.87821,0.63947,0.42703,0.24937,0.10344,30.345329880952377,4.2328149044575065,5.9689516269841265,0.0,0.0,0.0
text2image-10M,faiss-ivfpqfs,"FaissIVFPQfs(n_list=10000, n_probe=256, k_reorder=10)",0.752627,966.875017510949,0.99595,0.96739,0.88578,0.71598,0.41767,67.63020230158729,7.7797540263933875,9.215740595238096,0.3,0.1,0.0
text2image-10M,faiss-ivfpqfs,"FaissIVFPQfs(n_list=10000, n_probe=32, k_reorder=10)",0.707835,7021.273183630015,0.99378,0.95277,0.84513,0.64192,0.33529,61.49744968253968,7.300449740497677,8.84717099206349,0.3,0.1,0.0
text2image-10M,faiss-ivfpqfs,"FaissIVFPQfs(n_list=10000, n_probe=4, k_reorder=10)",0.520386,34695.36837168173,0.9464,0.78686,0.5839,0.36602,0.15653,40.443401111111115,5.338055750313061,7.111670357142856,0.0,0.0,0.0
text2image-10M,faiss-ivfpqfs,"FaissIVFPQfs(n_list=10000, n_probe=512, k_reorder=10)",0.755776,510.23633621410494,0.99606,0.96801,0.88796,0.7205,0.42467,68.08849892857144,7.813394108629345,9.239040396825397,0.3,0.1,0.0
text2image-10M,faiss-ivfpqfs,"FaissIVFPQfs(n_list=10000, n_probe=64, k_reorder=10)",0.731928,3926.251764075882,0.99514,0.96196,0.86983,0.68132,0.37606,64.69097325396825,7.556318790145258,9.044570753968255,0.3,0.1,0.0
text2image-10M,faiss-ivfpqfs,"FaissIVFPQfs(n_list=10000, n_probe=8, k_reorder=10)",0.606387,21607.498917513916,0.97736,0.88013,0.71217,0.48031,0.21947,49.46715230158731,6.233697147613147,7.948862777777777,0.1,0.0,0.0
text2image-10M,puck,"Puck('C1000_F1000_N4_Neighborhood16_Construction200', {'search_coarse_count': 10, 'tinker_search_range': 100})",0.8603270000000001,27937.93671510179,0.98295,0.9646,0.93439,0.86806,0.70272,81.0637076984127,8.655949687410901,9.239648888888889,0.4,0.0,0.0
text2image-10M,puck,"Puck('C1000_F1000_N4_Neighborhood16_Construction200', {'search_coarse_count': 10, 'tinker_search_range': 110})",0.869561,31783.50349612143,0.984,0.96724,0.93987,0.87946,0.72261,82.25809206349207,8.74422818011343,9.290069722222222,0.4,0.0,0.0
text2image-10M,puck,"Puck('C1000_F1000_N4_Neighborhood16_Construction200', {'search_coarse_count': 10, 'tinker_search_range': 120})",0.8774879999999999,29210.62509967734,0.98494,0.96958,0.94471,0.88835,0.73975,83.29453904761904,8.82068830699715,9.334672896825396,0.4,0.0,0.0
text2image-10M,puck,"Puck('C1000_F1000_N4_Neighborhood16_Construction200', {'search_coarse_count': 10, 'tinker_search_range': 160})",0.901463,23948.28459005895,0.98764,0.97602,0.95765,0.91513,0.79274,86.45341146825398,9.049969285051056,9.463305674603175,0.5,0.0,0.0
text2image-10M,puck,"Puck('C1000_F1000_N4_Neighborhood16_Construction200', {'search_coarse_count': 10, 'tinker_search_range': 165})",0.903698,19688.169324009184,0.98783,0.9765,0.95878,0.91778,0.79765,86.75108976190478,9.0710594859633,9.47402119047619,0.5,0.0,0.0
text2image-10M,puck,"Puck('C1000_F1000_N4_Neighborhood16_Construction200', {'search_coarse_count': 10, 'tinker_search_range': 170})",0.905949,25608.946875727335,0.98815,0.97712,0.96004,0.92029,0.80259,87.04704892857141,9.092573328137254,9.48559527777778,0.5,0.0,0.0
text2image-10M,puck,"Puck('C1000_F1000_N4_Neighborhood16_Construction200', {'search_coarse_count': 10, 'tinker_search_range': 175})",0.9080959999999999,18822.62385412007,0.98841,0.9777,0.9612,0.92271,0.80746,87.33145396825397,9.11309867578103,9.496766746031748,0.5,0.0,0.0
text2image-10M,puck,"Puck('C1000_F1000_N4_Neighborhood16_Construction200', {'search_coarse_count': 10, 'tinker_search_range': 190})",0.913813,19756.99061323628,0.98915,0.97925,0.9641,0.92884,0.81981,88.09537992063491,9.168268100802155,9.52851900793651,0.6,0.0,0.0
text2image-10M,puck,"Puck('C1000_F1000_N4_Neighborhood16_Construction200', {'search_coarse_count': 10, 'tinker_search_range': 200})",0.9173830000000001,20229.92142542602,0.98971,0.98008,0.96582,0.93252,0.82817,88.57354456349205,9.202744027508379,9.548897738095238,0.6,0.0,0.0
text2image-10M,puck,"Puck('C1000_F1000_N4_Neighborhood16_Construction200', {'search_coarse_count': 10, 'tinker_search_range': 30})",0.700657,71222.98872044796,0.95857,0.90147,0.80775,0.65162,0.3963,61.316474325396825,7.120796540881297,8.31597031746032,0.1,0.0,0.0
text2image-10M,puck,"Puck('C1000_F1000_N4_Neighborhood16_Construction200', {'search_coarse_count': 10, 'tinker_search_range': 300})",0.940704,13946.597315138766,0.99217,0.98569,0.97639,0.95485,0.88044,91.73299162698412,9.426043814114724,9.670888174603174,0.7,0.1,0.0
text2image-10M,puck,"Puck('C1000_F1000_N4_Neighborhood16_Construction200', {'search_coarse_count': 10, 'tinker_search_range': 350})",0.948039,12103.760435634536,0.99313,0.98734,0.97971,0.96185,0.8963,92.7282657936508,9.4964729464559,9.710916587301586,0.7,0.2,0.0
text2image-10M,puck,"Puck('C1000_F1000_N4_Neighborhood16_Construction200', {'search_coarse_count': 10, 'tinker_search_range': 50})",0.778173,49538.87539549094,0.97182,0.93579,0.87551,0.76167,0.53626,70.69438900793651,7.868356502558404,8.781812420634921,0.2,0.0,0.0
text2image-10M,scann,"ScaNN,tree=100/40000,AH2,reorder=150",0.941324,32929.15218367891,0.99996,0.99913,0.99416,0.96946,0.86589,91.5693150793651,9.470987235960928,9.807499801587301,0.7,0.5,0.3
text2image-10M,scann,"ScaNN,tree=100/40000,AH2,reorder=30",0.8035880000000001,32558.357246414667,0.99947,0.9913,0.95087,0.81894,0.48648,74.6284373015873,8.350582314270925,9.631903968253969,0.5,0.3,0.1
text2image-10M,scann,"ScaNN,tree=100/40000,AH2,reorder=500",0.9553309999999999,26457.731758987407,0.99998,0.99958,0.9969,0.98095,0.90329,93.37476861111112,9.586384928787842,9.828274523809522,0.8,0.6,0.3
text2image-10M,scann,"ScaNN,tree=10/40000,AH2,reorder=150",0.780222,60878.217120343914,0.996,0.9639,0.88211,0.74167,0.51557,69.86229968253969,7.873937672993437,8.860020912698413,0.3,0.1,0.0
text2image-10M,scann,"ScaNN,tree=10/40000,AH2,reorder=30",0.688436,55924.24720405698,0.9943,0.94512,0.82353,0.61216,0.30525,59.472898015873014,7.128942270192611,8.72577361111111,0.2,0.1,0.0
text2image-10M,scann,"ScaNN,tree=10/40000,AH2,reorder=500",0.787172,31696.835171173174,0.9961,0.9652,0.88696,0.75053,0.53098,70.66468142857144,7.931147410248634,8.872163095238095,0.3,0.1,0.0
text2image-10M,scann,"ScaNN,tree=30/40000,AH2,reorder=150",0.882604,49139.54619626088,0.99959,0.99392,0.96841,0.89618,0.71704,83.15891638888888,8.888161179718434,9.483358492063493,0.5,0.3,0.1
text2image-10M,scann,"ScaNN,tree=30/40000,AH2,reorder=30",0.763439,48247.32496370785,0.99876,0.98161,0.91455,0.7454,0.41135,69.03127154761906,7.920439488439299,9.32187138888889,0.4,0.2,0.0
text2image-10M,scann,"ScaNN,tree=30/40000,AH2,reorder=500",0.893591,26597.987869178076,0.99965,0.99498,0.97309,0.90873,0.7433,84.50586511904763,8.979038467991174,9.501530912698414,0.5,0.3,0.1
text2image-10M,scann,"ScaNN,tree=33/40000,AH2,reorder=150",0.8889950000000001,41225.392490072074,0.99971,0.99486,0.97231,0.90532,0.73168,84.03890761904763,8.951789339426591,9.521224761904762,0.5,0.3,0.1
text2image-10M,scann,"ScaNN,tree=33/40000,AH2,reorder=30",0.767925,44682.1448431764,0.99892,0.98308,0.91938,0.75345,0.41902,69.63517456349209,7.968325146707595,9.358265952380952,0.4,0.2,0.0
text2image-10M,scann,"ScaNN,tree=33/40000,AH2,reorder=500",0.9002589999999999,39189.67164444071,0.99976,0.99584,0.97679,0.91782,0.75952,85.424313968254,9.04480696871223,9.53965742063492,0.6,0.3,0.1
text2image-10M,scann,"ScaNN,tree=35/40000,AH2,reorder=150",0.8928969999999999,38259.75083159213,0.99973,0.99527,0.97438,0.91081,0.7413,84.59068845238093,8.990889163946585,9.54370361111111,0.6,0.3,0.1
text2image-10M,scann,"ScaNN,tree=35/40000,AH2,reorder=30",0.770617,42604.33165464389,0.99895,0.98385,0.92202,0.7582,0.42399,70.00548361111112,7.997445004141635,9.379682619047617,0.4,0.2,0.0
text2image-10M,scann,"ScaNN,tree=35/40000,AH2,reorder=500",0.9043089999999999,39479.55151693935,0.99979,0.99625,0.97873,0.92307,0.76977,85.99955793650794,9.085183603608273,9.56253126984127,0.6,0.4,0.1
text2image-10M,scann,"ScaNN,tree=40/40000,AH2,reorder=150",0.9009690000000001,39854.53483987886,0.99977,0.99643,0.97894,0.92224,0.76096,85.72797436507939,9.07164570814388,9.59103742063492,0.6,0.4,0.1
text2image-10M,scann,"ScaNN,tree=40/40000,AH2,reorder=30",0.776284,43284.30817101862,0.99911,0.98548,0.92741,0.76957,0.43362,70.78909567460316,8.05866844131085,9.425915158730158,0.4,0.2,0.1
text2image-10M,scann,"ScaNN,tree=40/40000,AH2,reorder=500",0.9128339999999999,25476.520356353878,0.99983,0.99728,0.98307,0.93465,0.79114,87.20161714285715,9.169682813751018,9.610574007936508,0.6,0.4,0.2
text2image-10M,scann,"ScaNN,tree=45/40000,AH2,reorder=150",0.907648,39343.04318800756,0.99986,0.99709,0.98234,0.93074,0.77733,86.66669194444447,9.137345832220573,9.625890873015873,0.6,0.4,0.2
text2image-10M,scann,"ScaNN,tree=45/40000,AH2,reorder=30",0.78085,47053.87682268672,0.99928,0.98668,0.93127,0.77775,0.44186,71.41424642857143,8.107128672970244,9.460191746031748,0.4,0.2,0.1
text2image-10M,scann,"ScaNN,tree=45/40000,AH2,reorder=500",0.919754,24369.394653844593,0.9999,0.99783,0.98616,0.94322,0.80843,88.17792968253968,9.237416499245866,9.646000277777778,0.6,0.4,0.2
text2image-10M,scann,"ScaNN,tree=50/40000,AH2,reorder=150",0.913184,40013.3177260269,0.9999,0.99752,0.98479,0.93749,0.79178,87.44812841269841,9.191795793384047,9.655830357142857,0.6,0.4,0.2
text2image-10M,scann,"ScaNN,tree=50/40000,AH2,reorder=30",0.784745,42224.538329682495,0.99936,0.98765,0.93506,0.78489,0.44879,71.94682142857143,8.148302592294153,9.489674484126983,0.4,0.2,0.1
text2image-10M,scann,"ScaNN,tree=50/40000,AH2,reorder=500",0.9255789999999999,35496.42133314015,0.99993,0.99821,0.98861,0.94988,0.82382,89.00476408730161,9.294268990179338,9.676370833333333,0.6,0.4,0.2
text2image-10M,scann,"ScaNN,tree=80/40000,AH2,reorder=150",0.93363,37572.646157884155,0.99993,0.99889,0.99212,0.9618,0.84526,90.4225561904762,9.394405260690725,9.76518880952381,0.7,0.5,0.2
text2image-10M,scann,"ScaNN,tree=80/40000,AH2,reorder=30",0.798535,37701.75132346567,0.99949,0.99041,0.94719,0.80931,0.47604,73.89465873015874,8.295577599355957,9.591467142857145,0.4,0.3,0.1
text2image-10M,scann,"ScaNN,tree=80/40000,AH2,reorder=500",0.947256,30747.143963029863,0.99996,0.99938,0.99525,0.97383,0.88148,92.16401583333334,9.50670088416755,9.786147103174603,0.7,0.5,0.3
text2image-10M,diskann,"diskann(('R64_L500', {'Ls': 100, 'T': 64}))",0.914026,9398.656206097547,0.98198,0.97148,0.95808,0.92833,0.83331,88.469475515873,9.166234798134198,9.482433293650793,0.5,0.0,0.0
text2image-10M,diskann,"diskann(('R64_L500', {'Ls': 120, 'T': 64}))",0.9265319999999999,8318.017477398755,0.98462,0.97567,0.96494,0.94077,0.85901,90.10342746031746,9.286981641252371,9.557472063492062,0.6,0.0,0.0
text2image-10M,diskann,"diskann(('R64_L500', {'Ls': 150, 'T': 64}))",0.9399,7285.846087981385,0.98752,0.98028,0.97172,0.9536,0.88631,91.86096571428573,9.416040897620906,9.636703293650793,0.7,0.0,0.0
text2image-10M,diskann,"diskann(('R64_L500', {'Ls': 200, 'T': 64}))",0.9540559999999999,5914.933652553013,0.99049,0.98501,0.97902,0.96602,0.91529,93.73660277777776,9.552492359804424,9.718583452380953,0.8,0.1,0.0
text2image-10M,diskann,"diskann(('R64_L500', {'Ls': 20, 'T': 64}))",0.7319519999999999,22878.68238813877,0.93351,0.88821,0.82226,0.7072,0.49463,65.99835642857144,7.3929504397886285,8.289927619047619,0.0,0.0,0.0
text2image-10M,diskann,"diskann(('R64_L500', {'Ls': 30, 'T': 64}))",0.790235,17622.267150004453,0.95085,0.91964,0.87361,0.78344,0.5933,72.93664575396825,7.963738192205487,8.696072936507935,0.1,0.0,0.0
text2image-10M,diskann,"diskann(('R64_L500', {'Ls': 50, 'T': 64}))",0.852061,12877.877992515652,0.96741,0.94751,0.91905,0.85994,0.70938,80.57060174603174,8.56610986055892,9.099613531746032,0.2,0.0,0.0
text2image-10M,diskann,"diskann(('R64_L500', {'Ls': 70, 'T': 64}))",0.885061,11273.679125105491,0.97534,0.96037,0.94065,0.89781,0.77449,84.74412765873015,8.885699074438566,9.305421825396825,0.4,0.0,0.0
text2image-10M,diskann,"diskann(('R64_L500', {'Ls': 85, 'T': 64}))",0.901582,9642.048237321562,0.97913,0.96662,0.95062,0.91571,0.80828,86.86965769841268,9.04617774810176,9.407477301587301,0.5,0.0,0.0
text2image-10M,faiss_hnsw,"faiss ({'M': 128, 'efConstruction': 500}, ef: 1024)",0.982445,1089.4662447532587,0.99576,0.99359,0.99164,0.9884,0.97387,97.58438599206349,9.826386003335756,9.882904563492062,0.9,0.6,0.0
text2image-10M,faiss_hnsw,"faiss ({'M': 128, 'efConstruction': 500}, ef: 128)",0.898509,7443.025101743694,0.97514,0.96095,0.94333,0.90921,0.81111,86.61336757936509,9.005040998692744,9.338585317460318,0.4,0.0,0.0
text2image-10M,faiss_hnsw,"faiss ({'M': 128, 'efConstruction': 500}, ef: 2048)",0.9917239999999999,521.7691373144263,0.99813,0.99724,0.99635,0.99517,0.98903,98.83935623015873,9.918117198632068,9.945413253968255,1.0,0.8,0.0
text2image-10M,faiss_hnsw,"faiss ({'M': 128, 'efConstruction': 500}, ef: 256)",0.94033,3777.4292159586275,0.98564,0.9781,0.96936,0.95194,0.89293,91.98201531746034,9.413617767187654,9.610754801587301,0.7,0.0,0.0
text2image-10M,faiss_hnsw,"faiss ({'M': 128, 'efConstruction': 500}, ef: 32)",0.746171,16286.609257617816,0.93152,0.88379,0.82208,0.72303,0.54146,68.11804293650793,7.519629556401419,8.317251547619048,0.0,0.0,0.0
text2image-10M,faiss_hnsw,"faiss ({'M': 128, 'efConstruction': 500}, ef: 4096)",0.996157,247.5391429166336,0.99921,0.99883,0.99845,0.99796,0.99558,99.44906408730158,9.961808402681344,9.974881944444448,1.0,0.9,0.1
text2image-10M,faiss_hnsw,"faiss ({'M': 128, 'efConstruction': 500}, ef: 512)",0.966511,1948.5869654583266,0.99186,0.9878,0.98353,0.97561,0.94398,95.44180448412698,9.669520875552557,9.777623928571428,0.8,0.1,0.0
text2image-10M,faiss_hnsw,"faiss ({'M': 128, 'efConstruction': 500}, ef: 64)",0.8363630000000001,11276.349061320047,0.95886,0.93285,0.89947,0.8376,0.69415,78.84603321428571,8.398217573122617,8.93022626984127,0.1,0.0,0.0
text2image-10M,faiss_hnsw,"faiss ({'M': 16, 'efConstruction': 500}, ef: 1024)",0.931349,1574.0551229277596,0.98721,0.9808,0.97296,0.95368,0.86907,90.2845330952381,9.320672497847072,9.570754761904762,0.7,0.0,0.0
text2image-10M,faiss_hnsw,"faiss ({'M': 16, 'efConstruction': 500}, ef: 128)",0.737367,12896.469273975255,0.92635,0.88416,0.82466,0.72164,0.51381,66.62084912698413,7.42011986512539,8.227780793650792,0.0,0.0,0.0
text2image-10M,faiss_hnsw,"faiss ({'M': 16, 'efConstruction': 500}, ef: 2048)",0.958933,781.2033813559788,0.99383,0.99081,0.98728,0.97912,0.92548,93.94475559523809,9.591536576584867,9.748637857142855,0.8,0.3,0.0
text2image-10M,faiss_hnsw,"faiss ({'M': 16, 'efConstruction': 500}, ef: 256)",0.825286,8719.371425867723,0.95589,0.93233,0.90081,0.83489,0.66316,77.0034167857143,8.279991072614633,8.84800765873016,0.1,0.0,0.0
text2image-10M,faiss_hnsw,"faiss ({'M': 16, 'efConstruction': 500}, ef: 32)",0.475967,32316.986160949426,0.79988,0.67187,0.53748,0.37868,0.19166,38.488346626984125,4.843241715177431,6.129682579365079,0.0,0.0,0.0
text2image-10M,faiss_hnsw,"faiss ({'M': 16, 'efConstruction': 500}, ef: 4096)",0.975386,273.70839167215195,0.99748,0.99617,0.9947,0.99136,0.96007,96.20541063492061,9.754201620129143,9.855248293650796,0.9,0.7,0.0
text2image-10M,faiss_hnsw,"faiss ({'M': 16, 'efConstruction': 500}, ef: 512)",0.887762,3432.955321466907,0.97491,0.96228,0.94583,0.90771,0.78118,84.71502944444444,8.892287249463575,9.27698119047619,0.4,0.0,0.0
text2image-10M,faiss_hnsw,"faiss ({'M': 16, 'efConstruction': 500}, ef: 64)",0.620809,26980.105511969254,0.87862,0.80271,0.70597,0.56594,0.3491,53.58918484126984,6.2760501545395435,7.3469275,0.0,0.0,0.0
text2image-10M,faiss_hnsw,"faiss ({'M': 32, 'efConstruction': 500}, ef: 1024)",0.974376,1306.7182203685602,0.99442,0.99148,0.98854,0.98332,0.95969,96.43077484126981,9.747110642363316,9.835226865079365,0.9,0.4,0.0
text2image-10M,faiss_hnsw,"faiss ({'M': 32, 'efConstruction': 500}, ef: 128)",0.8567579999999999,8648.765816335757,0.96088,0.9412,0.91525,0.86641,0.73345,81.39167472222222,8.597987701444126,9.063088214285715,0.2,0.0,0.0
text2image-10M,faiss_hnsw,"faiss ({'M': 32, 'efConstruction': 500}, ef: 2048)",0.9873730000000001,660.76059144474,0.99767,0.99638,0.99509,0.99304,0.98284,98.1849271031746,9.87515274715714,9.921361944444445,0.9,0.8,0.0
text2image-10M,faiss_hnsw,"faiss ({'M': 32, 'efConstruction': 500}, ef: 256)",0.91464,4638.000035871678,0.97756,0.96722,0.95486,0.92931,0.84414,88.63975353174604,9.161706777097185,9.441508650793653,0.5,0.0,0.0
text2image-10M,faiss_hnsw,"faiss ({'M': 32, 'efConstruction': 500}, ef: 32)",0.64981,20716.136646456645,0.88626,0.81512,0.7295,0.60499,0.40319,57.236525158730146,6.56713281908571,7.555602182539682,0.0,0.0,0.0
text2image-10M,faiss_hnsw,"faiss ({'M': 32, 'efConstruction': 500}, ef: 4096)",0.9940009999999999,254.40082328863232,0.99923,0.99872,0.99818,0.99752,0.99342,99.10427670634921,9.940859626987981,9.965053452380953,1.0,0.9,0.1
text2image-10M,faiss_hnsw,"faiss ({'M': 32, 'efConstruction': 500}, ef: 512)",0.95153,2511.842984325571,0.98809,0.98222,0.97641,0.96458,0.91593,93.41314202380953,9.522956091621063,9.685432023809524,0.7,0.0,0.0
text2image-10M,faiss_hnsw,"faiss ({'M': 32, 'efConstruction': 500}, ef: 64)",0.771287,15426.654937766198,0.9336,0.8956,0.84596,0.76152,0.58384,71.09405519841272,7.759980072122243,8.460950793650793,0.0,0.0,0.0
text2image-10M,faiss_hnsw,"faiss ({'M': 64, 'efConstruction': 500}, ef: 1024)",0.980503,1092.2061402430616,0.99543,0.99301,0.99073,0.98699,0.97043,97.30326242063491,9.806960488403906,9.871566031746033,0.9,0.5,0.0
text2image-10M,faiss_hnsw,"faiss ({'M': 64, 'efConstruction': 500}, ef: 128)",0.8873070000000001,8400.997623274854,0.9714,0.95538,0.93632,0.89733,0.79006,85.1833567063492,8.894269519063617,9.261420198412699,0.3,0.0,0.0
text2image-10M,faiss_hnsw,"faiss ({'M': 64, 'efConstruction': 500}, ef: 2048)",0.9903600000000001,560.62687539088,0.99791,0.99668,0.99552,0.99402,0.98712,98.65050936507934,9.904554538776209,9.937130158730158,1.0,0.8,0.0
text2image-10M,faiss_hnsw,"faiss ({'M': 64, 'efConstruction': 500}, ef: 256)",0.933853,3819.88675976855,0.98382,0.97527,0.96581,0.9462,0.87981,91.11791654761906,9.349234442789113,9.567416111111113,0.6,0.0,0.0
text2image-10M,faiss_hnsw,"faiss ({'M': 64, 'efConstruction': 500}, ef: 32)",0.718222,19413.452593831596,0.9184,0.86412,0.79679,0.69013,0.50055,64.90467043650794,7.240539516976323,8.09118603174603,0.0,0.0,0.0
text2image-10M,faiss_hnsw,"faiss ({'M': 64, 'efConstruction': 500}, ef: 4096)",0.995622,227.5475978091608,0.99924,0.99869,0.99823,0.99772,0.99491,99.36552896825397,9.95628334453861,9.971416825396824,1.0,0.9,0.1
text2image-10M,faiss_hnsw,"faiss ({'M': 64, 'efConstruction': 500}, ef: 512)",0.963315,2032.2074558806864,0.99137,0.98669,0.98208,0.97335,0.93762,94.98906,9.637776486367787,9.759065357142855,0.8,0.1,0.0
text2image-10M,faiss_hnsw,"faiss ({'M': 64, 'efConstruction': 500}, ef: 64)",0.818379,12968.552796782325,0.95138,0.92252,0.88519,0.81712,0.66371,76.69117154761904,8.221554082983895,8.799870515873016,0.1,0.0,0.0
text2image-10M,zilliz,zilliz_(R48_L500)_ef100,0.8978490000000001,19374.09666853434,0.98014,0.96771,0.95061,0.91232,0.79784,86.30416293650795,9.011115664914133,9.392565277777777,0.5,0.0,0.0
text2image-10M,zilliz,zilliz_(R48_L500)_ef102,0.8995749999999999,14707.68164335945,0.98056,0.96831,0.95167,0.91412,0.80126,86.52741662698412,9.027926606478776,9.403650515873018,0.5,0.0,0.0
text2image-10M,zilliz,zilliz_(R48_L500)_ef104,0.901141,19203.95442756653,0.98089,0.96899,0.95266,0.91561,0.80454,86.72449265873016,9.042852330143647,9.4129125,0.5,0.0,0.0
text2image-10M,zilliz,zilliz_(R48_L500)_ef106,0.902649,19203.725820523192,0.98122,0.96955,0.95354,0.91727,0.80755,86.92014853174602,9.057579733643559,9.422778214285715,0.5,0.0,0.0
text2image-10M,zilliz,zilliz_(R48_L500)_ef108,0.9042199999999999,19072.67933032919,0.98162,0.9701,0.9544,0.91884,0.81082,87.12429476190476,9.072843448615128,9.432630595238095,0.5,0.0,0.0
text2image-10M,zilliz,zilliz_(R48_L500)_ef110,0.905591,17628.64351956207,0.98183,0.97056,0.9551,0.92015,0.81395,87.3054973015873,9.08600508712931,9.440471468253968,0.5,0.0,0.0
text2image-10M,zilliz,zilliz_(R48_L500)_ef115,0.908889,15006.276669854107,0.98251,0.97167,0.95697,0.92362,0.82052,87.73325051587302,9.117910356291315,9.460278809523809,0.5,0.0,0.0
text2image-10M,zilliz,zilliz_(R48_L500)_ef120,0.912034,15884.461604445358,0.98316,0.97272,0.95864,0.92684,0.82681,88.15044968253969,9.148575384750101,9.479012817460319,0.5,0.0,0.0
text2image-10M,zilliz,zilliz_(R48_L500)_ef150,0.9265890000000001,18117.588536276653,0.98567,0.97719,0.96579,0.94122,0.85842,90.08762551587303,9.289452926499798,9.563714999999998,0.6,0.0,0.0
text2image-10M,zilliz,zilliz_(R48_L500)_ef180,0.9375410000000001,17433.019703038353,0.98791,0.98086,0.97151,0.9521,0.88172,91.53127996031746,9.39543112844387,9.628795238095238,0.7,0.0,0.0
text2image-10M,zilliz,zilliz_(R48_L500)_ef20,0.701633,19900.442370806904,0.93277,0.87752,0.79643,0.66332,0.43627,62.185569007936515,7.0994139647555325,8.118506031746032,0.0,0.0,0.0
text2image-10M,zilliz,zilliz_(R48_L500)_ef200,0.9430020000000001,10721.448530910144,0.98894,0.98255,0.97436,0.95708,0.89341,92.26116214285716,9.448376553404314,9.661134365079363,0.7,0.0,0.0
text2image-10M,zilliz,zilliz_(R48_L500)_ef30,0.7633880000000001,14173.94864989069,0.95038,0.91222,0.85377,0.74684,0.53746,69.46657384920634,7.704461761611374,8.548817103174603,0.1,0.0,0.0
text2image-10M,zilliz,zilliz_(R48_L500)_ef40,0.802484,15744.033925971542,0.95986,0.93065,0.88572,0.79922,0.60694,74.22097043650794,8.085722164599911,8.804388373015874,0.1,0.0,0.0
text2image-10M,zilliz,zilliz_(R48_L500)_ef50,0.8292170000000001,15301.898177079163,0.96559,0.94202,0.90564,0.83249,0.65872,77.55716448412699,8.345851146745433,8.975053253968255,0.2,0.0,0.0
text2image-10M,zilliz,zilliz_(R48_L500)_ef60,0.849643,17692.625359025853,0.96994,0.94995,0.91984,0.85789,0.69982,80.12418833333332,8.543204273737249,9.098697261904764,0.2,0.0,0.0
text2image-10M,zilliz,zilliz_(R48_L500)_ef70,0.86592,12844.482172758931,0.97352,0.95602,0.93095,0.87654,0.73248,82.19487091269842,8.701173390215473,9.197588849206351,0.3,0.0,0.0
text2image-10M,zilliz,zilliz_(R48_L500)_ef90,0.889305,19302.466597279774,0.97842,0.96474,0.94542,0.90276,0.78073,85.19738257936507,8.92828568961043,9.34130492063492,0.4,0.0,0.0
text2image-10M,zilliz,zilliz_(R48_L500)_ef95,0.8938940000000001,13129.484838735347,0.97929,0.96632,0.94834,0.90769,0.7901,85.79461714285715,8.973195771187196,9.370364682539684,0.4,0.0,0.0
text2image-10M,faiss-ivf,"FaissIVF(n_list=10000, n_probe=1)",0.316303,32001.079137953107,0.75352,0.46927,0.29652,0.17838,0.08866,22.486565595238094,3.207678393824955,4.657237579365079,0.0,0.0,0.0
text2image-10M,faiss-ivf,"FaissIVF(n_list=10000, n_probe=1024)",0.998649,42.538150758176684,0.99999,0.99997,0.99993,0.99985,0.99896,99.78678976190476,9.987254724406686,9.994550396825396,1.0,0.9,0.8
text2image-10M,faiss-ivf,"FaissIVF(n_list=10000, n_probe=128)",0.968078,294.97450661891486,0.99987,0.9993,0.99681,0.98636,0.92774,95.03591829365081,9.68943486715748,9.850228690476191,0.8,0.6,0.3
text2image-10M,faiss-ivf,"FaissIVF(n_list=10000, n_probe=16)",0.813125,3072.474650826368,0.99531,0.96988,0.90707,0.78935,0.57871,73.88961063492063,8.169475047132195,8.981139166666667,0.3,0.1,0.0
text2image-10M,faiss-ivf,"FaissIVF(n_list=10000, n_probe=2)",0.452424,19266.47103015554,0.8836,0.6613,0.46684,0.30531,0.1666,34.551563293650794,4.5752821621278805,6.109787341269842,0.0,0.0,0.0
text2image-10M,faiss-ivf,"FaissIVF(n_list=10000, n_probe=256)",0.9860599999999999,174.11236481912366,0.99996,0.99976,0.9992,0.99655,0.97444,97.79202888888892,9.86511842402143,9.937475753968254,0.9,0.8,0.5
text2image-10M,faiss-ivf,"FaissIVF(n_list=10000, n_probe=32)",0.886401,1567.6319792806514,0.99862,0.99077,0.96361,0.89533,0.72609,83.43673234126985,8.890224916023948,9.418607103174603,0.5,0.3,0.0
text2image-10M,faiss-ivf,"FaissIVF(n_list=10000, n_probe=4)",0.5903940000000001,10943.950655701,0.95351,0.81836,0.65081,0.46865,0.27808,48.25573277777779,5.9560379939978905,7.356087063492063,0.1,0.0,0.0
text2image-10M,faiss-ivf,"FaissIVF(n_list=10000, n_probe=512)",0.99505,83.72823387567854,0.99999,0.99993,0.99984,0.99945,0.9937,99.20924511904764,9.95251586984262,9.978476388888886,1.0,0.9,0.7
text2image-10M,faiss-ivf,"FaissIVF(n_list=10000, n_probe=64)",0.9364950000000001,453.8268643064131,0.99947,0.99728,0.98874,0.95689,0.84606,90.39943484126987,9.38058874406754,9.688730357142857,0.7,0.4,0.1
text2image-10M,faiss-ivf,"FaissIVF(n_list=10000, n_probe=8)",0.7137249999999999,5870.186717049391,0.98382,0.91794,0.80435,0.64114,0.4221,61.87653170634922,7.184334292055037,8.30985626984127,0.2,0.0,0.0
msspacev-10M,faiss-ivfpqfs,"FaissIVFPQfs(n_list=10000, n_probe=1, k_reorder=0)",0.36267226088142995,91351.16128845327,0.8487174239323236,0.5984445354072861,0.38494337563105474,0.18082275890298813,0.029710738163460225,26.748091675383936,3.892839108630382,5.980442176870748,0.0,0.0,0.0
msspacev-10M,faiss-ivfpqfs,"FaissIVFPQfs(n_list=10000, n_probe=10, k_reorder=0)",0.5794207941056079,33646.00017019986,0.9891867921953882,0.9171101105198527,0.7435530085959885,0.41789466502933553,0.07801200709510166,48.950274594078316,6.330135538175346,8.731177459840987,0.2,0.0,0.0
msspacev-10M,faiss-ivfpqfs,"FaissIVFPQfs(n_list=10000, n_probe=100, k_reorder=0)",0.659469231818802,4289.901669597769,0.9996247782780734,0.9860144630918269,0.8856938190749079,0.5593873652612907,0.11522717969709374,59.07069003978542,7.257627031984623,9.573919762110512,0.4,0.2,0.1
msspacev-10M,faiss-ivfpqfs,"FaissIVFPQfs(n_list=10000, n_probe=200, k_reorder=0)",0.6718174375767499,2329.714414271681,0.9997953336062219,0.9902101241642789,0.9047619047619048,0.5856528857961523,0.12771182971756037,60.85017106970137,7.402330011716287,9.686758355045297,0.4,0.3,0.1
msspacev-10M,faiss-ivfpqfs,"FaissIVFPQfs(n_list=10000, n_probe=5, k_reorder=0)",0.5340871878837495,44643.37322063104,0.9732569245463228,0.8598035202619729,0.6631873379724382,0.3553008595988539,0.06368535953063174,43.8466685942126,5.814225628876199,8.208006841705163,0.1,0.0,0.0
msspacev-10M,faiss-ivfpqfs,"FaissIVFPQfs(n_list=10000, n_probe=50, k_reorder=0)",0.6428776094965206,8171.262344442425,0.9984991131122937,0.9771455860281075,0.8584731887024151,0.5244576340564879,0.10379997271114749,56.81993837808921,7.065911711639258,9.419717441258578,0.3,0.2,0.0
msspacev-10M,faiss-ivfpqfs,"FaissIVFPQfs(n_list=10000, n_probe=1, k_reorder=1000)",0.4276606631191158,12784.38511790393,0.8515145313139583,0.6167280665848001,0.43819074907900124,0.2896029471960704,0.15732023468413153,33.102055706077394,4.379783069482176,6.015979003826937,0.0,0.0,0.0
msspacev-10M,faiss-ivfpqfs,"FaissIVFPQfs(n_list=10000, n_probe=10, k_reorder=1000)",0.7560035475508255,4385.084180344473,0.9903124573611679,0.9406126347387093,0.8489903124573611,0.707156501569109,0.4871401282576068,67.63561639237038,7.672388588908623,8.82371130559833,0.2,0.1,0.0
msspacev-10M,faiss-ivfpqfs,"FaissIVFPQfs(n_list=10000, n_probe=100, k_reorder=1000)",0.9197332514667759,2527.5227039117394,0.9993518897530359,0.9963501159776231,0.9809660253786329,0.9383613044071497,0.8044412607449857,88.41786407335937,9.25188084714957,9.707887588336831,0.6,0.4,0.1
msspacev-10M,faiss-ivfpqfs,"FaissIVFPQfs(n_list=10000, n_probe=200, k_reorder=1000)",0.9483353799972711,1497.1572091207397,0.9994883340155546,0.9987037795060718,0.9917110110519852,0.9693000409332787,0.8754946104516305,92.42367134692145,9.522783258899443,9.82771773147336,0.7,0.5,0.2
msspacev-10M,faiss-ivfpqfs,"FaissIVFPQfs(n_list=10000, n_probe=5, k_reorder=1000)",0.6789909946786737,7929.364809984482,0.9752694774184746,0.8846704871060171,0.7601650975576477,0.5973870923727658,0.38494337563105474,58.84172086535983,6.910828670447025,8.281840378621999,0.1,0.0,0.0
msspacev-10M,faiss-ivfpqfs,"FaissIVFPQfs(n_list=10000, n_probe=50, k_reorder=1000)",0.8825692454632282,3093.044715673446,0.9989766680311093,0.9907900122799836,0.9624778278073407,0.8894801473598035,0.7180720425706099,83.39855572123788,8.899844456954192,9.545889670736171,0.5,0.3,0.03149999999983351
msspacev-10M,faiss-ivfpqfs,"FaissIVFPQfs(n_list=10000, n_probe=1, k_reorder=100)",0.4276572520125529,38712.203189595326,0.8515145313139583,0.6167280665848001,0.43819074907900124,0.2896029471960704,0.15732023468413153,33.101437375332175,4.379735258829706,6.015979003826937,0.0,0.0,0.0
msspacev-10M,faiss-ivfpqfs,"FaissIVFPQfs(n_list=10000, n_probe=10, k_reorder=100)",0.7559421476326921,18457.93030822558,0.9903124573611679,0.9405785236730796,0.8489562013917314,0.7070882794378497,0.4870377950607177,67.62815540893212,7.671824340561357,8.82371130559833,0.2,0.1,0.0
msspacev-10M,faiss-ivfpqfs,"FaissIVFPQfs(n_list=10000, n_probe=100, k_reorder=100)",0.9195865738845681,4016.0791842957733,0.9993518897530359,0.9963160049119935,0.9808978032473734,0.9380884158821121,0.8042365943512075,88.39947780290085,9.250601608372591,9.707717033008683,0.6,0.4,0.1
msspacev-10M,faiss-ivfpqfs,"FaissIVFPQfs(n_list=10000, n_probe=200, k_reorder=100)",0.948117069177241,2215.333218591189,0.9994883340155546,0.998669668440442,0.9916427889207259,0.9690612634738709,0.8750170555328148,92.39763715897058,9.521023027502817,9.827547176145211,0.7,0.5,0.2
msspacev-10M,faiss-ivfpqfs,"FaissIVFPQfs(n_list=10000, n_probe=5, k_reorder=100)",0.6789023059080366,25130.155226668656,0.974996588893437,0.8846022649747578,0.760130986492018,0.5973188702415063,0.38480693136853594,58.83434759609033,6.910076879708599,8.281405868619336,0.1,0.0,0.0
msspacev-10M,faiss-ivfpqfs,"FaissIVFPQfs(n_list=10000, n_probe=50, k_reorder=100)",0.882385045708828,6705.113543340363,0.9987037795060718,0.990755901214354,0.9623413835448219,0.889309592031655,0.7177650429799427,83.37807162024313,8.897983945186795,9.54341661847802,0.5,0.3,0.0
msspacev-10M,faiss-ivfpqfs,"FaissIVFPQfs(n_list=10000, n_probe=1, k_reorder=10)",0.427531041069723,65096.5122201334,0.8517191977077364,0.6166598444535407,0.43808841588211217,0.28939828080229224,0.15691090189657525,33.088610667125806,4.378857061573894,6.016300622445731,0.0,0.0,0.0
msspacev-10M,faiss-ivfpqfs,"FaissIVFPQfs(n_list=10000, n_probe=10, k_reorder=10)",0.7542809387365261,22815.123799846995,0.9904830126893164,0.940305635148042,0.8479328694228407,0.7049733933688088,0.4831832446445627,67.44938608203549,7.659384601094554,8.822698802539163,0.2,0.1,0.0
msspacev-10M,faiss-ivfpqfs,"FaissIVFPQfs(n_list=10000, n_probe=100, k_reorder=10)",0.913340837767772,4633.1987498976505,0.9995224450811844,0.9961113385182153,0.9803520261972984,0.9339950880065493,0.7865329512893983,87.65421274367753,9.203722468369536,9.70502604894234,0.6,0.4,0.1
msspacev-10M,faiss-ivfpqfs,"FaissIVFPQfs(n_list=10000, n_probe=200, k_reorder=10)",0.9406979124027834,2333.3774553436347,0.9996588893437031,0.9986014463091827,0.9912334561331696,0.9659571565015691,0.8554714149270023,91.48959842612626,9.465428604231818,9.824571933198621,0.7,0.5,0.2
msspacev-10M,faiss-ivfpqfs,"FaissIVFPQfs(n_list=10000, n_probe=5, k_reorder=10)",0.6780120070951017,35170.418933413726,0.9752353663528449,0.88436348751535,0.7596875426388321,0.5962614272069859,0.38265793423386546,58.740626089659045,6.90350788367718,8.281610805735857,0.1,0.0,0.0
msspacev-10M,faiss-ivfpqfs,"FaissIVFPQfs(n_list=10000, n_probe=50, k_reorder=10)",0.8775753854550417,7443.898197485255,0.9988743348342202,0.990414790558057,0.961556829035339,0.885352708418611,0.7046663937781417,82.82245339237255,8.861908892661248,9.54079954172054,0.5,0.3,0.0
msspacev-10M,puck,"Puck('C1000_F1000_N4_Neighborhood16_Construction200', {'search_coarse_count': 10, 'tinker_search_range': 10})",0.714541547277937,174073.13729470773,0.9481170691772411,0.8796561604584527,0.7940373857279301,0.6753649884022377,0.4688224860144631,64.61503320685166,7.274088856550622,8.294146351632024,0.0,0.0,0.0
msspacev-10M,puck,"Puck('C1000_F1000_N4_Neighborhood16_Construction200', {'search_coarse_count': 10, 'tinker_search_range': 100})",0.9336642106699413,46397.07010111042,0.995156228680584,0.9852299085823442,0.9711079274116523,0.9406808568699686,0.8630781825624233,90.81097177011523,9.356124475767219,9.61518494694917,0.6,0.2,0.0
msspacev-10M,puck,"Puck('C1000_F1000_N4_Neighborhood16_Construction200', {'search_coarse_count': 10, 'tinker_search_range': 20})",0.8053997816891799,133513.96059303722,0.9724041479055806,0.9309592031655068,0.8754946104516305,0.7884090598990312,0.6232432801200709,75.05723593162195,8.13428662979922,8.854338710969902,0.2,0.0,0.0
msspacev-10M,puck,"Puck('C1000_F1000_N4_Neighborhood16_Construction200', {'search_coarse_count': 10, 'tinker_search_range': 30})",0.8488095238095237,93351.96122590285,0.9813071360349297,0.9528585072997681,0.9106631191158412,0.8402237685905307,0.6996179560649475,80.23594935427212,8.54738167321712,9.117544295655225,0.3,0.0,0.0
msspacev-10M,puck,"Puck('C1000_F1000_N4_Neighborhood16_Construction200', {'search_coarse_count': 10, 'tinker_search_range': 50})",0.8920248328557785,65998.10747646245,0.9889139036703507,0.9710055942147633,0.9432732978578251,0.8912198117069178,0.7805294037385728,85.53958589166325,8.958151555289614,9.372091084125469,0.4,0.0,0.0
msspacev-10M,puck,"Puck('C1000_F1000_N4_Neighborhood16_Construction200', {'search_coarse_count': 10, 'tinker_search_range': 60})",0.90518147086915,69844.78991728382,0.9914722335925774,0.9761563651248465,0.9529608404966571,0.9082412334561332,0.8052258152544686,87.15720815546848,9.08318304250587,9.449226626339806,0.5,0.1,0.0
msspacev-10M,puck,"Puck('C1000_F1000_N4_Neighborhood16_Construction200', {'search_coarse_count': 10, 'tinker_search_range': 70})",0.9147223359257743,56318.593422699705,0.9929390094146541,0.9797721380815937,0.959032610178742,0.918713330604448,0.8241574566789467,88.35720661234886,9.173637097949717,9.502347030821243,0.5,0.1,0.0
msspacev-10M,puck,"Puck('C1000_F1000_N4_Neighborhood16_Construction200', {'search_coarse_count': 10, 'tinker_search_range': 80})",0.9222063037249283,59144.833428893566,0.9940305635148042,0.9819893573475236,0.9637058261700095,0.9274116523400191,0.8393368808841588,89.32257751875026,9.245695284000472,9.547518744842732,0.5,0.1,0.0
msspacev-10M,puck,"Puck('C1000_F1000_N4_Neighborhood16_Construction200', {'search_coarse_count': 10, 'tinker_search_range': 90})",0.928516850866421,61106.928022566186,0.9945763405648792,0.9838313548915268,0.9676968208486834,0.9348137535816619,0.8525037522172193,90.13805316778095,9.306201031124553,9.58409636538474,0.6,0.1,0.0
msspacev-10M,scann,"ScaNN,tree=100/40000,AH2,reorder=10",0.5232739800791377,18484.568143309873,0.9988743348342202,0.9740414790558057,0.7477486696684404,0.1174785100286533,0.002285441397189248,45.4054227389778,6.198131192107842,9.53229830614194,0.3,0.2,0.0
msspacev-10M,scann,"ScaNN,tree=100/40000,AH2,reorder=150",0.9396029471960704,15910.502810859183,0.9997953336062219,0.9974416700777732,0.9894596807204257,0.9607381634602264,0.8561195251739664,91.3219055849019,9.447149764880807,9.796619133167434,0.7,0.4,0.1
msspacev-10M,scann,"ScaNN,tree=100/40000,AH2,reorder=30",0.8372561058807477,17683.2503505796,0.9997612225405922,0.9961113385182153,0.97356392413699,0.8709919497885114,0.5570337017328422,79.29215653947028,8.674684225778922,9.751183599832803,0.5,0.3,0.1
msspacev-10M,scann,"ScaNN,tree=10/40000,AH2,reorder=10",0.5308125255832993,66470.01181927281,0.9941328967116932,0.9464456269613862,0.7300450266066312,0.21401282576067676,0.011563651248465001,44.86232530261388,6.086325738163048,9.059676497150914,0.2,0.1,0.0
msspacev-10M,scann,"ScaNN,tree=10/40000,AH2,reorder=150",0.8340530768181198,34190.14762243199,0.995702005730659,0.9733592577432119,0.9189179969982262,0.820268795197162,0.6259039432391867,77.27226193724864,8.421341182552093,9.231666385115012,0.4,0.1,0.0
msspacev-10M,scann,"ScaNN,tree=10/40000,AH2,reorder=30",0.7760199208623277,41076.477098300755,0.9955655614681402,0.9703915950334289,0.9009073543457498,0.7592782098512758,0.4700504843771319,70.78760149395639,7.988927265416591,9.207784307610341,0.3,0.1,0.0
msspacev-10M,scann,"ScaNN,tree=120/40000,AH2,reorder=10",0.5222165370446172,17480.853134648678,0.99890844589985,0.974553145040251,0.7477827807340701,0.11137262928093873,0.002012552872151726,45.38795300036602,6.198361808155096,9.557114647833027,0.3,0.2,0.0
msspacev-10M,scann,"ScaNN,tree=120/40000,AH2,reorder=150",0.9444330740892346,16225.386808926216,0.9998294446718515,0.9977827807340701,0.9910287897393915,0.965411379451494,0.8691499522445081,92.0231692645221,9.494871953458691,9.82421457917774,0.7,0.5,0.2
msspacev-10M,scann,"ScaNN,tree=120/40000,AH2,reorder=30",0.8394767362532406,18454.592127215194,0.9997953336062219,0.9965206713057716,0.9752694774184746,0.8744371674171101,0.561570473461591,79.65688301745405,8.702400408023738,9.778108194885721,0.5,0.4,0.2
msspacev-10M,scann,"ScaNN,tree=150/40000,AH2,reorder=10",0.5206985946240961,15170.731011049224,0.9988743348342202,0.9749283667621776,0.7466230045026606,0.10403875017055533,0.0015349979533360622,45.31520952857424,6.19409892176177,9.577519427064045,0.3,0.2,0.0
msspacev-10M,scann,"ScaNN,tree=150/40000,AH2,reorder=150",0.9498533224177923,14733.481666097907,0.9998294446718515,0.9982944467185155,0.9929390094146541,0.9710738163460226,0.8823509346431982,92.80006746410758,9.547147299480116,9.84940844373407,0.7,0.5,0.2
msspacev-10M,scann,"ScaNN,tree=150/40000,AH2,reorder=30",0.8418713330604447,26384.234560067907,0.9997953336062219,0.9970323372902169,0.9779642516032201,0.8784622731614136,0.5661413562559694,80.035441667912,8.731173991045603,9.80250099084524,0.5,0.4,0.2
msspacev-10M,scann,"ScaNN,tree=20/40000,AH2,reorder=10",0.5312559694364852,49572.0971443684,0.9968617819620685,0.9615909401009688,0.7450538954836949,0.18249420111884296,0.006753990994678674,45.383440052238655,6.1651757113499945,9.276560337602088,0.3,0.1,0.0
msspacev-10M,scann,"ScaNN,tree=20/40000,AH2,reorder=150",0.8773775412743895,30117.76084149307,0.9982262245872561,0.9872765725201256,0.9553145040251058,0.880508937099195,0.7113180515759312,82.82454540236981,8.844803164601709,9.484315136433434,0.5,0.2,0.0
msspacev-10M,scann,"ScaNN,tree=20/40000,AH2,reorder=30",0.8035782507845545,24935.20145522683,0.9981580024559967,0.9847523536635284,0.9370650839132214,0.8066925910765452,0.5046732159912676,74.42953939773935,8.292176426208307,9.452818575695161,0.4,0.2,0.0
msspacev-10M,scann,"ScaNN,tree=30/40000,AH2,reorder=10",0.5298403602128531,24331.13076515296,0.9977145586028108,0.9665370446172739,0.7474075590121435,0.1662232228134807,0.005287215172601992,45.49685988690287,6.1860086732736,9.364560660303601,0.3,0.2,0.0
msspacev-10M,scann,"ScaNN,tree=30/40000,AH2,reorder=150",0.8972745258561877,33306.37697465079,0.99890844589985,0.9915404557238369,0.9688224860144631,0.908377677718652,0.7553213262382317,85.46912528940263,9.037869006440763,9.58922331269343,0.5,0.3,0.0
msspacev-10M,scann,"ScaNN,tree=30/40000,AH2,reorder=30",0.8150361577295675,23264.672661181743,0.9988061127029608,0.9892891253922772,0.9507436212307272,0.8273980079137673,0.520159639787147,76.02130236048575,8.420151734453915,9.552418285047224,0.5,0.2,0.0
msspacev-10M,scann,"ScaNN,tree=35/40000,AH2,reorder=10",0.5291308500477555,20710.843556767843,0.9978168917996998,0.968276708964388,0.74890844589985,0.15779778960294719,0.00494610451630509,45.52018630597734,6.191288990515773,9.392370789449178,0.3,0.2,0.0
msspacev-10M,scann,"ScaNN,tree=35/40000,AH2,reorder=150",0.9041513166871333,30247.912910960447,0.9989766680311093,0.9926661208896166,0.9732569245463228,0.9181334424887434,0.7711147496247783,86.39592998135262,9.104430490237991,9.623388658233111,0.6,0.3,0.03149999999983351
msspacev-10M,scann,"ScaNN,tree=35/40000,AH2,reorder=30",0.8190783190066858,22535.036103278315,0.9988743348342202,0.9904830126893164,0.9558261700095511,0.8355164415336335,0.5271865193068631,76.59002451665161,8.46528485656499,9.586134095472,0.5,0.3,0.0
msspacev-10M,scann,"ScaNN,tree=40/40000,AH2,reorder=10",0.528639650702688,19152.583182049064,0.9981238913903671,0.9695047073270568,0.7498294446718515,0.1529199072179015,0.004775549188156638,45.546368985352814,6.196106565772771,9.416209686676327,0.3,0.2,0.0
msspacev-10M,scann,"ScaNN,tree=40/40000,AH2,reorder=150",0.9098308091144768,20898.046074196092,0.9991813344248874,0.9939964524491746,0.9764974757811434,0.9250920998772002,0.7839063992359121,87.16341109031961,9.159542628621844,9.653492079735427,0.6,0.3,0.1
msspacev-10M,scann,"ScaNN,tree=40/40000,AH2,reorder=30",0.8223325146677583,19236.78714053703,0.9991131122936281,0.9918133442488744,0.9592372765725201,0.8409401009687543,0.5326784008732433,77.05400837507878,8.501884766759312,9.61572585098987,0.5,0.3,0.1
msspacev-10M,scann,"ScaNN,tree=45/40000,AH2,reorder=10",0.528076818119798,29197.436648132563,0.9983626688497749,0.9702210397052804,0.7505798881157048,0.14804202483285578,0.004673215991267567,45.549814338342784,6.198716039037783,9.434966576570138,0.3,0.2,0.0
msspacev-10M,scann,"ScaNN,tree=45/40000,AH2,reorder=150",0.9140844589984992,25265.87915673427,0.9993860008186656,0.9944057852367308,0.9788170282439623,0.9303793150498022,0.7941056078591895,87.75781048649961,9.201093835811944,9.675845385909856,0.6,0.3,0.1
msspacev-10M,scann,"ScaNN,tree=45/40000,AH2,reorder=30",0.8246486560240142,26040.504617331688,0.9993177786874062,0.9925296766270978,0.9616591622322281,0.8451698731068359,0.5364306180925092,77.40066803544086,8.528710110096318,9.63743673209494,0.5,0.3,0.1
msspacev-10M,scann,"ScaNN,tree=50/40000,AH2,reorder=10",0.5274150634465821,42915.130057116534,0.9983285577841452,0.971142038477282,0.7495906672124437,0.14377814162914448,0.004195661072451904,45.526889536457695,6.198553600236695,9.448435033039003,0.3,0.2,0.0
msspacev-10M,scann,"ScaNN,tree=50/40000,AH2,reorder=150",0.9180140537590395,22745.672357452717,0.9993860008186656,0.9948833401555465,0.9808636921817437,0.9352913085004776,0.8030427070541684,88.28495084757877,9.238163006968586,9.69270383256773,0.6,0.3,0.1
msspacev-10M,scann,"ScaNN,tree=50/40000,AH2,reorder=30",0.8267874198389957,25112.089473711083,0.9993177786874062,0.993280120070951,0.9631941601855643,0.8494678673761769,0.5397052803929595,77.7012337647571,8.551899308622257,9.653013171202897,0.5,0.3,0.1
msspacev-10M,scann,"ScaNN,tree=80/40000,AH2,reorder=10",0.5246793559830809,27106.54379916855,0.9987037795060718,0.9728475917587666,0.7502046663937781,0.1251876108609633,0.0027971073816346025,45.46402961057075,6.200859059741834,9.511792276605007,0.3,0.2,0.0
msspacev-10M,scann,"ScaNN,tree=80/40000,AH2,reorder=150",0.9336028107518078,18325.75887808876,0.9995906672124437,0.9966230045026606,0.9872424614544958,0.9539159503342884,0.8414858780188293,90.47250133737035,9.389469402369288,9.770994819449589,0.7,0.4,0.1
msspacev-10M,scann,"ScaNN,tree=80/40000,AH2,reorder=30",0.8344487651794242,17376.0311614887,0.999556556146814,0.9952244508118434,0.9709714831491336,0.8648178469095374,0.5520193750852777,78.86292089264869,8.641804637912117,9.727270930658158,0.5,0.3,0.1
msspacev-10M,diskann,"diskann(('R32_L300', {'Ls': 100, 'T': 64}))",0.9427002319552462,32035.13856267319,0.9927002319552463,0.9859121298949379,0.9743825897121026,0.9492086232773912,0.8839541547277937,92.15187694785014,9.442623345723149,9.653749537064108,0.6,0.1,0.0
msspacev-10M,diskann,"diskann(('R32_L300', {'Ls': 10, 'T': 64}))",0.6853902305908036,79088.13143940661,0.8861031518624641,0.8229635693819075,0.7539909946786738,0.652647018692864,0.4811024696411516,62.61315601535106,6.951472066340925,7.788472679743658,0.0,0.0,0.0
msspacev-10M,diskann,"diskann(('R32_L300', {'Ls': 120, 'T': 64}))",0.9517362532405512,28672.86917630006,0.9945081184336199,0.9892550143266475,0.979840360212853,0.9594078319006686,0.9019647973802701,93.31776122578927,9.531557740560427,9.715337742865374,0.7,0.2,0.0
msspacev-10M,diskann,"diskann(('R32_L300', {'Ls': 150, 'T': 64}))",0.9604925637876928,25326.76246109127,0.9960772274525856,0.9920862327739118,0.9852299085823442,0.9695047073270568,0.9187474416700778,94.44566608082265,9.616414069450553,9.770688496665779,0.8,0.3,0.0
msspacev-10M,diskann,"diskann(('R32_L300', {'Ls': 200, 'T': 64}))",0.9686792195388184,18759.554992891946,0.9969982262245872,0.9940646745804339,0.989425569654796,0.977861918406331,0.9374061945695183,95.54507858539785,9.695332473445758,9.817666743551927,0.8,0.4,0.0
msspacev-10M,diskann,"diskann(('R32_L300', {'Ls': 20, 'T': 64}))",0.8001330331559557,64460.63906089779,0.9476054031927957,0.9087870105062082,0.860690407968345,0.7856460635830264,0.6410492563787693,75.12446112637987,8.061075890873862,8.663185984358723,0.0,0.0,0.0
msspacev-10M,diskann,"diskann(('R32_L300', {'Ls': 250, 'T': 64}))",0.9745019784418065,16196.711196655075,0.9978851139309592,0.9955655614681402,0.9924273434302088,0.983694910629008,0.9485264019647974,96.33316480842576,9.752242196400289,9.853249728735811,0.8,0.5,0.0
msspacev-10M,diskann,"diskann(('R32_L300', {'Ls': 30, 'T': 64}))",0.8505014326647565,54648.35342524931,0.9672533769954973,0.9408855232637467,0.9038409059899031,0.8442488743348342,0.7194364851957975,80.9357321804876,8.55053963768543,9.032556711000224,0.2,0.0,0.0
msspacev-10M,diskann,"diskann(('R32_L300', {'Ls': 50, 'T': 64}))",0.8988402237685905,46576.192268123246,0.9815800245599673,0.9671169327329786,0.943068631464047,0.9006344658207123,0.8032473734479465,86.71330529187159,9.01825479986331,9.363419157857349,0.4,0.0,0.0
msspacev-10M,diskann,"diskann(('R32_L300', {'Ls': 70, 'T': 64}))",0.9230317915131669,37596.6028777128,0.9882657934233865,0.9781006958657389,0.9613862737071907,0.9278892072588347,0.8476940919634329,89.6838659532581,9.25286469122876,9.527770603625086,0.5,0.0,0.0
msspacev-10M,diskann,"diskann(('R32_L300', {'Ls': 80, 'T': 64}))",0.9312900805021149,33438.26266666413,0.9902783462955382,0.9815459134943376,0.9672192659298676,0.9370650839132214,0.8627370719061264,90.70093610510106,9.33187352051386,9.580047706761786,0.6,0.1,0.0
msspacev-10M,diskann,"diskann(('R32_L300', {'Ls': 90, 'T': 64}))",0.9376142720698594,34960.40407514313,0.9915063446582071,0.9839677991540455,0.9711761495429118,0.9441260744985673,0.8740960567608133,91.50686837135363,9.393352813371978,9.620275075964802,0.6,0.1,0.0
msspacev-10M,faiss_hnsw,"faiss ({'M': 32, 'efConstruction': 300}, ef: 100)",0.8973870923727658,22110.89559651211,0.9900736799017601,0.9759175876654387,0.9529949515622868,0.9047277936962751,0.7865329512893983,85.8253089758667,9.000080077580787,9.410716180773488,0.5,0.1,0.0
msspacev-10M,faiss_hnsw,"faiss ({'M': 32, 'efConstruction': 300}, ef: 120)",0.9082617000955111,13491.225459310905,0.9924273434302088,0.981170691772411,0.9618638286260063,0.9185427752762997,0.8056692591076545,87.16982952047421,9.10724189265663,9.487602387341438,0.5,0.1,0.0
msspacev-10M,faiss_hnsw,"faiss ({'M': 32, 'efConstruction': 300}, ef: 140)",0.9160629008050212,10378.141126266037,0.993723563924137,0.9843771319416018,0.9677650429799427,0.9285373175057989,0.8204052394596807,88.14872275717038,9.183564664135373,9.53830848639997,0.6,0.1,0.0
msspacev-10M,faiss_hnsw,"faiss ({'M': 32, 'efConstruction': 300}, ef: 160)",0.9230590803656706,9617.025927756678,0.9952244508118434,0.9869354618638286,0.97247237003684,0.9378496384227043,0.8334356665302224,89.04065253927105,9.252818135800492,9.586247934385472,0.6,0.2,0.0
msspacev-10M,faiss_hnsw,"faiss ({'M': 32, 'efConstruction': 300}, ef: 180)",0.9283462955382726,13460.123039495364,0.9960772274525856,0.9888115704734616,0.9761904761904762,0.9445695183517533,0.8437713194160186,89.71294238803448,9.304820426828707,9.621597285842068,0.6,0.2,0.0
msspacev-10M,faiss_hnsw,"faiss ({'M': 32, 'efConstruction': 300}, ef: 200)",0.9322349570200574,12406.900838503623,0.9964865602401419,0.9897666803110929,0.978407695456406,0.9494132896711693,0.8523673079547005,90.22597416871874,9.342186616623797,9.6426932202362,0.6,0.2,0.0
msspacev-10M,faiss_hnsw,"faiss ({'M': 32, 'efConstruction': 300}, ef: 220)",0.9358609632964934,6995.622058199878,0.9966912266339201,0.9910629008050211,0.9805908036567063,0.9537112839405103,0.8597011870650839,90.71067156566542,9.378504227962877,9.667644246491973,0.7,0.3,0.0
msspacev-10M,faiss_hnsw,"faiss ({'M': 32, 'efConstruction': 300}, ef: 240)",0.9389480147359803,10323.827754255717,0.9970323372902169,0.9919156774457634,0.9825351343975985,0.957497612225406,0.8659094010096875,91.12608965904096,9.40929020976195,9.688468781336159,0.7,0.3,0.0
msspacev-10M,faiss_hnsw,"faiss ({'M': 32, 'efConstruction': 300}, ef: 260)",0.9415745667894665,9647.487276810058,0.9973734479465138,0.9927002319552463,0.9838313548915268,0.9604311638695593,0.8716059489698458,91.46821187086742,9.434172489803377,9.702128909507133,0.7,0.3,0.0
msspacev-10M,faiss_hnsw,"faiss ({'M': 32, 'efConstruction': 300}, ef: 280)",0.9436689862191295,9115.324071144476,0.997475781143403,0.993280120070951,0.9849911311229362,0.9630918269886751,0.8761086096329649,91.7495875539009,9.454624531015092,9.714228050341436,0.7,0.3,0.0
msspacev-10M,faiss_hnsw,"faiss ({'M': 32, 'efConstruction': 300}, ef: 30)",0.7811570473461591,41888.11507356298,0.9478100695865739,0.8981784690953746,0.8430890981034248,0.7614954291172056,0.6110997407559012,72.48783493817776,7.854498343318659,8.514418422574378,0.0,0.0,0.0
msspacev-10M,faiss_hnsw,"faiss ({'M': 32, 'efConstruction': 300}, ef: 300)",0.9457497612225406,8487.12828510682,0.9976804475371811,0.9937576749897666,0.9860826852230864,0.9652408241233457,0.8808841588211216,92.03064310729067,9.474983500293277,9.726821395543254,0.7,0.4,0.0
msspacev-10M,faiss_hnsw,"faiss ({'M': 32, 'efConstruction': 300}, ef: 40)",0.8181948424068768,30703.96150924588,0.9645244917451221,0.9248192113521626,0.8794856051303043,0.8086028107518078,0.6617887842816209,76.58868281473686,8.21893466046796,8.81453339852337,0.1,0.0,0.0
msspacev-10M,faiss_hnsw,"faiss ({'M': 32, 'efConstruction': 300}, ef: 60)",0.8592031655068905,31937.89266486908,0.9797721380815937,0.9539500613999181,0.9184404420794106,0.857825078455451,0.7232228134806932,81.26230516084179,8.622807423471748,9.131364150244625,0.3,0.0,0.0
msspacev-10M,faiss_hnsw,"faiss ({'M': 32, 'efConstruction': 300}, ef: 80)",0.8827295674716877,26760.668951127696,0.9866966844044208,0.9686178196206849,0.9396234138354482,0.885796152271797,0.7622117614954291,84.03693592209251,8.854787846131135,9.304177035347728,0.4,0.0,0.0
msspacev-10M,zilliz,zilliz_(R32_L500)_ef10,0.6951221176149543,6881.211067739237,0.9114476736253241,0.84690953745395,0.7765725201255287,0.6679969982262246,0.47632692045299496,63.271655653665476,7.079983039773014,8.009688896252548,0.0,0.0,0.0
msspacev-10M,zilliz,zilliz_(R32_L500)_ef100,0.946585482330468,6173.68685815874,0.993621230727248,0.986901350798199,0.97687269750307,0.9540523945968072,0.8909810342475099,92.6906721937422,9.48256878531611,9.680589801982554,0.7,0.2,0.0
msspacev-10M,zilliz,zilliz_(R32_L500)_ef20,0.8067539909946786,3825.175836578422,0.9553827261563651,0.9171442215854824,0.8708896165916223,0.7950266066311912,0.6426524764633648,75.7368247362619,8.132374434280036,8.752180807056984,0.1,0.0,0.0
msspacev-10M,zilliz,zilliz_(R32_L500)_ef30,0.8560035475508254,6830.967899896053,0.9715513712648383,0.9463432937644972,0.9118228953472507,0.8515827534452176,0.7246895893027698,81.50570142096953,8.608579858880226,9.094649679355983,0.2,0.0,0.0
msspacev-10M,zilliz,zilliz_(R32_L500)_ef40,0.8847966980488471,5805.561348967213,0.979840360212853,0.9613180515759312,0.934574976122254,0.8841929321872015,0.7745940783190067,84.95835377290044,8.886408641215256,9.28691467035716,0.3,0.0,0.0
msspacev-10M,zilliz,zilliz_(R32_L500)_ef50,0.9036464729158139,6770.430716910046,0.9844453540728613,0.9701187065083913,0.9488675126210943,0.9059557920589439,0.8079205894392141,87.27005162141265,9.068060378383283,9.41003531307461,0.4,0.0,0.0
msspacev-10M,zilliz,zilliz_(R32_L500)_ef60,0.917075999454223,6229.444910317885,0.9878564606358302,0.9757811434029199,0.9581116114067404,0.921032883067267,0.8334015554645927,88.93722684075223,9.197890123065854,9.499113924461856,0.5,0.0,0.0
msspacev-10M,zilliz,zilliz_(R32_L500)_ef70,0.926862464183381,6225.722134600726,0.9896643471142038,0.9796356938190749,0.9645244917451221,0.9319825351343975,0.8523673079547005,90.16755964563474,9.291765479065491,9.558017643542614,0.6,0.0,0.0
msspacev-10M,zilliz,zilliz_(R32_L500)_ef80,0.9345783872288169,6127.588775329582,0.9914381225269477,0.9826715786601173,0.9695047073270568,0.9404420794105608,0.8676490653568018,91.14776981311468,9.366439841010639,9.60669765359184,0.6,0.1,0.0
msspacev-10M,zilliz,zilliz_(R32_L500)_ef90,0.9411686451084732,6215.140850280927,0.9927343430208759,0.9852299085823442,0.9738709237276573,0.9478782917178332,0.8800313821803794,91.98424501924296,9.42989763135152,9.645802877024735,0.6,0.1,0.0
msspacev-10M,faiss-ivf,"FaissIVF(n_list=10000, n_probe=10)",0.7560751807886479,5896.067420280835,0.9907900122799836,0.9406467458043389,0.8490244235229909,0.707156501569109,0.4870719061263474,67.63741872903252,7.673085224530604,8.825189451775616,0.2,0.1,0.0
msspacev-10M,faiss-ivf,"FaissIVF(n_list=10000, n_probe=100)",0.9198594624096057,750.4653326334699,0.9998294446718515,0.9963842270432528,0.9810001364442625,0.9383613044071497,0.8044753718106153,88.42514881629187,9.252937190356294,9.709365734514117,0.6,0.4,0.1
msspacev-10M,faiss-ivf,"FaissIVF(n_list=10000, n_probe=120)",0.9279983626688498,648.2757414721166,0.9998294446718515,0.9972711147496248,0.9842747987447128,0.9472984036021286,0.824566789466503,89.55992434382222,9.329896493986826,9.741870331386293,0.6,0.4,0.1314999999998335
msspacev-10M,faiss-ivf,"FaissIVF(n_list=10000, n_probe=140)",0.9345067539909946,569.4740232305719,0.9998976668031109,0.9980215581934779,0.9870377950607176,0.9554509482876246,0.8399849911311229,90.46804821896923,9.392281412777592,9.771469802502343,0.7,0.4,0.2
msspacev-10M,faiss-ivf,"FaissIVF(n_list=10000, n_probe=15)",0.7939930413426115,4071.7611562615734,0.9949856733524355,0.961556829035339,0.8872629280938736,0.7618365397735025,0.5487447127848274,72.17197608110422,8.043818491303837,9.063218768882914,0.3,0.1,0.0
msspacev-10M,faiss-ivf,"FaissIVF(n_list=10000, n_probe=160)",0.9399577022786192,478.83565156790615,0.9999658889343703,0.9982944467185155,0.9894937917860553,0.9613862737071907,0.85352708418611,91.22686565871176,9.44367130543359,9.794022902061176,0.7,0.4,0.2
msspacev-10M,faiss-ivf,"FaissIVF(n_list=10000, n_probe=180)",0.9446172738436349,435.87312640375734,0.9999658889343703,0.9984650020466639,0.9907217901487242,0.9659571565015691,0.865534179287761,91.87565352470183,9.486753083810871,9.811115388530453,0.7,0.5,0.2
msspacev-10M,faiss-ivf,"FaissIVF(n_list=10000, n_probe=20)",0.8178946650293355,3233.7180913901407,0.9969982262245872,0.9727111474962478,0.9097080092782098,0.7971073816346023,0.5897462136717151,75.1051707773208,8.276547195762156,9.205325739018944,0.3,0.1,0.0
msspacev-10M,faiss-ivf,"FaissIVF(n_list=10000, n_probe=200)",0.9484206576613454,396.32722141275116,0.9999658889343703,0.9987378905717015,0.991745122117615,0.9693000409332787,0.8754263883203711,92.4268741323336,9.52357487531143,9.829195877650646,0.7,0.5,0.2
msspacev-10M,faiss-ivf,"FaissIVF(n_list=10000, n_probe=40)",0.868061809250921,1781.240187808096,0.9988402237685905,0.9877541274389412,0.9523809523809523,0.8695251739664347,0.6866216400600355,81.50537032705473,8.762124700498452,9.477623547031037,0.5,0.2,0.0
msspacev-10M,faiss-ivf,"FaissIVF(n_list=10000, n_probe=60)",0.8932084868331287,1188.9985267893198,0.999556556146814,0.9930072315459135,0.9684813753581661,0.9042161277118297,0.7414040114613181,84.80261482975872,9.000932307769222,9.594097811044188,0.5,0.3,0.1
msspacev-10M,faiss-ivf,"FaissIVF(n_list=10000, n_probe=80)",0.908933688088416,949.7078963160543,0.9996930004093327,0.9952926729431028,0.9763610315186246,0.9250238777459407,0.7785168508664211,86.92578108925838,9.14995960194738,9.663740289175205,0.6,0.3,0.1
deep-10M,faiss-ivfpqfs,"FaissIVFPQfs(n_list=10000, n_probe=1, k_reorder=0)",0.2557,70178.17673780462,0.8509,0.453,0.1668,0.0392,0.0038,15.948163095238094,2.8092713436825676,5.237796825396825,0.0,0.0,0.0
deep-10M,faiss-ivfpqfs,"FaissIVFPQfs(n_list=10000, n_probe=10, k_reorder=0)",0.44908000000000003,24053.287302402,0.9925,0.8691,0.491,0.1302,0.011,34.26183928571428,5.105434456444429,8.33189484126984,0.2,0.1,0.0
deep-10M,faiss-ivfpqfs,"FaissIVFPQfs(n_list=10000, n_probe=100, k_reorder=0)",0.48597999999999997,4191.763791142567,0.9957,0.9167,0.5849,0.167,0.0146,38.99292777777777,5.589749735243999,8.92969246031746,0.2,0.1,0.0
deep-10M,faiss-ivfpqfs,"FaissIVFPQfs(n_list=10000, n_probe=200, k_reorder=0)",0.4869,2319.6069452647835,0.9959,0.9167,0.5867,0.169,0.0148,39.12736468253968,5.602379351144989,8.945897222222223,0.2,0.1,0.0
deep-10M,faiss-ivfpqfs,"FaissIVFPQfs(n_list=10000, n_probe=5, k_reorder=0)",0.41281999999999996,34438.7643669195,0.9829,0.8039,0.4103,0.1035,0.0089,30.170378174603172,4.6495738712787835,7.756861904761905,0.1,0.0,0.0
deep-10M,faiss-ivfpqfs,"FaissIVFPQfs(n_list=10000, n_probe=50, k_reorder=0)",0.48297,8325.535408849637,0.9956,0.9137,0.5756,0.1635,0.014,38.554400793650785,5.546877035320423,8.874782142857143,0.2,0.1,0.0
deep-10M,faiss-ivfpqfs,"FaissIVFPQfs(n_list=10000, n_probe=1, k_reorder=1000)",0.34681,18253.92970700954,0.8674,0.5432,0.311,0.1667,0.0765,24.11095277777778,3.57882308459117,5.506347222222223,0.0,0.0,0.0
deep-10M,faiss-ivfpqfs,"FaissIVFPQfs(n_list=10000, n_probe=10, k_reorder=1000)",0.8086499999999999,4366.352251017284,0.9991,0.9836,0.9209,0.7772,0.5428,73.22857103174603,8.169417082886724,9.12192142857143,0.4,0.2,0.1
deep-10M,faiss-ivfpqfs,"FaissIVFPQfs(n_list=10000, n_probe=100, k_reorder=1000)",0.9850099999999999,2296.7695217009277,0.9998,0.9997,0.9994,0.9962,0.9697,97.72768412698414,9.862531494593286,9.953166666666666,0.9,0.7,0.5
deep-10M,faiss-ivfpqfs,"FaissIVFPQfs(n_list=10000, n_probe=200, k_reorder=1000)",0.99483,1299.1692083655353,0.9999,0.9997,0.9996,0.9994,0.992,99.21954126984127,9.953265024637714,9.985783333333332,1.0,0.9,0.7
deep-10M,faiss-ivfpqfs,"FaissIVFPQfs(n_list=10000, n_probe=5, k_reorder=1000)",0.68875,6685.3696810015535,0.9932,0.9336,0.7934,0.5837,0.3515,58.5910380952381,6.99447855017962,8.406805158730158,0.2,0.1,0.0
deep-10M,faiss-ivfpqfs,"FaissIVFPQfs(n_list=10000, n_probe=50, k_reorder=1000)",0.9620599999999999,3382.9552868476053,0.9999,0.9996,0.9975,0.984,0.9069,94.3053369047619,9.649152840188398,9.876033333333332,0.8,0.6,0.4
deep-10M,faiss-ivfpqfs,"FaissIVFPQfs(n_list=10000, n_probe=1, k_reorder=100)",0.34681,39782.83221094565,0.8674,0.5432,0.311,0.1667,0.0765,24.112567857142857,3.5789730083387963,5.506747222222222,0.0,0.0,0.0
deep-10M,faiss-ivfpqfs,"FaissIVFPQfs(n_list=10000, n_probe=10, k_reorder=100)",0.8081799999999999,19974.71196162314,0.9992,0.9837,0.9209,0.7771,0.5417,73.16015793650793,8.165630760445893,9.122528571428571,0.4,0.2,0.1
deep-10M,faiss-ivfpqfs,"FaissIVFPQfs(n_list=10000, n_probe=100, k_reorder=100)",0.9841900000000001,3781.964367172368,0.9999,0.9997,0.9993,0.9961,0.9684,97.6147257936508,9.855960332629637,9.9525,0.9,0.7,0.5
deep-10M,faiss-ivfpqfs,"FaissIVFPQfs(n_list=10000, n_probe=200, k_reorder=100)",0.9939500000000001,2472.502623233002,0.9999,0.9997,0.9996,0.9993,0.9908,99.10370317460318,9.946761740413198,9.987166666666667,1.0,0.9,0.7
deep-10M,faiss-ivfpqfs,"FaissIVFPQfs(n_list=10000, n_probe=5, k_reorder=100)",0.68849,24962.053762724132,0.9933,0.9337,0.7933,0.5835,0.351,58.556234920634914,6.992490856698148,8.407471825396826,0.2,0.1,0.0
deep-10M,faiss-ivfpqfs,"FaissIVFPQfs(n_list=10000, n_probe=50, k_reorder=100)",0.96125,6216.012259209969,0.9999,0.9995,0.9974,0.9838,0.9057,94.19615753968253,9.642619349772795,9.8758,0.8,0.6,0.4
deep-10M,faiss-ivfpqfs,"FaissIVFPQfs(n_list=10000, n_probe=1, k_reorder=10)",0.34307,61252.71265301116,0.867,0.5415,0.3067,0.1613,0.0699,23.707928174603175,3.5469331413479814,5.495225396825396,0.0,0.0,0.0
deep-10M,faiss-ivfpqfs,"FaissIVFPQfs(n_list=10000, n_probe=10, k_reorder=10)",0.77956,23798.56322474962,0.9991,0.9824,0.9118,0.7465,0.4667,69.6928273809524,7.935697859343406,9.08573253968254,0.4,0.2,0.1
deep-10M,faiss-ivfpqfs,"FaissIVFPQfs(n_list=10000, n_probe=100, k_reorder=10)",0.92856,3812.0222139172897,0.9997,0.9991,0.9943,0.9744,0.8277,90.36807619047619,9.413481758920927,9.896783333333333,0.7,0.5,0.3
deep-10M,faiss-ivfpqfs,"FaissIVFPQfs(n_list=10000, n_probe=200, k_reorder=10)",0.93591,2645.8743185979624,0.9997,0.9991,0.9947,0.9802,0.85,91.48491904761906,9.48478521937811,9.929033333333335,0.7,0.6,0.3
deep-10M,faiss-ivfpqfs,"FaissIVFPQfs(n_list=10000, n_probe=5, k_reorder=10)",0.67009,36167.8327949655,0.9931,0.9318,0.7839,0.5594,0.3086,56.38876825396826,6.842231447673213,8.377731349206348,0.2,0.1,0.0
deep-10M,faiss-ivfpqfs,"FaissIVFPQfs(n_list=10000, n_probe=50, k_reorder=10)",0.9108,7225.726960706368,0.9998,0.999,0.9911,0.9597,0.7704,87.69744841269842,9.24085878323657,9.823233333333333,0.7,0.5,0.2998999999999432
deep-10M,puck,"Puck('C1000_F1000_N4_Neighborhood16_Construction200', {'search_coarse_count': 10, 'tinker_search_range': 100})",0.95566,45984.83071046567,0.9999,0.9997,0.9972,0.9804,0.8955,93.47582738095238,9.597280751432008,9.858876190476192,0.8,0.6,0.4
deep-10M,puck,"Puck('C1000_F1000_N4_Neighborhood16_Construction200', {'search_coarse_count': 10, 'tinker_search_range': 15})",0.7199,95791.63973626093,0.9952,0.9552,0.8485,0.6563,0.365,62.81616349206349,7.3814910620226994,8.782655952380953,0.3,0.1,0.0
deep-10M,puck,"Puck('C1000_F1000_N4_Neighborhood16_Construction200', {'search_coarse_count': 10, 'tinker_search_range': 20})",0.77216,106520.38318146263,0.9975,0.9748,0.9005,0.7391,0.4585,69.17705873015873,7.8829937644589485,9.067561904761906,0.3,0.2,0.0
deep-10M,puck,"Puck('C1000_F1000_N4_Neighborhood16_Construction200', {'search_coarse_count': 10, 'tinker_search_range': 30})",0.83667,76190.39314953779,0.9991,0.99,0.9484,0.8396,0.5947,77.35937341269842,8.494750459814922,9.385318253968252,0.4,0.29900000000000093,0.1
deep-10M,puck,"Puck('C1000_F1000_N4_Neighborhood16_Construction200', {'search_coarse_count': 10, 'tinker_search_range': 50})",0.901,63698.98110279031,0.9995,0.9972,0.9816,0.9269,0.7464,85.90322182539683,9.095810272788713,9.65811349206349,0.6,0.4,0.1
deep-10M,puck,"Puck('C1000_F1000_N4_Neighborhood16_Construction200', {'search_coarse_count': 10, 'tinker_search_range': 60})",0.91813,60965.759029735,0.9997,0.9981,0.9881,0.9463,0.7927,88.22245595238095,9.25336224385856,9.721169047619048,0.6,0.4,0.2
deep-10M,puck,"Puck('C1000_F1000_N4_Neighborhood16_Construction200', {'search_coarse_count': 10, 'tinker_search_range': 70})",0.9314,67977.89338908608,0.9999,0.9987,0.9911,0.9601,0.8277,90.05425952380952,9.374508078325018,9.769052380952381,0.7,0.5,0.2
deep-10M,puck,"Puck('C1000_F1000_N4_Neighborhood16_Construction200', {'search_coarse_count': 10, 'tinker_search_range': 80})",0.94184,47075.175649285055,0.9999,0.9993,0.9949,0.9689,0.8564,91.51465714285715,9.470654716726548,9.80827619047619,0.7,0.5,0.3
deep-10M,puck,"Puck('C1000_F1000_N4_Neighborhood16_Construction200', {'search_coarse_count': 10, 'tinker_search_range': 90})",0.94985,47952.27528144482,0.9999,0.9997,0.9963,0.9755,0.8795,92.65137142857144,9.544579767718448,9.840876190476193,0.7,0.5,0.3
deep-10M,scann,"ScaNN,tree=100/40000,AH2,reorder=150",0.9240700000000001,20295.41871630377,0.9998,0.9984,0.993,0.97,0.8211,89.86513253968256,9.378445988013528,9.893126190476192,0.7,0.5,0.2
deep-10M,scann,"ScaNN,tree=100/40000,AH2,reorder=50",0.76909,18237.246158020327,0.999,0.991,0.9538,0.7756,0.3664,70.5455261904762,8.098006782268126,9.67913492063492,0.5,0.3,0.09989999999994321
deep-10M,scann,"ScaNN,tree=10/40000,AH2,reorder=150",0.8179299999999999,81871.06924377228,0.9994,0.9892,0.9395,0.814,0.55,74.72123730158731,8.314699092547825,9.322020634920635,0.4,0.2,0.1
deep-10M,scann,"ScaNN,tree=10/40000,AH2,reorder=50",0.72668,61748.50130142391,0.9987,0.9814,0.9046,0.684,0.3095,63.82441309523809,7.56725382737601,9.197047619047618,0.4,0.2,0.0
deep-10M,scann,"ScaNN,tree=120/40000,AH2,reorder=150",0.92538,17098.40613965214,0.9998,0.9984,0.9931,0.9709,0.8239,90.08028968253969,9.392579749630373,9.902792857142858,0.7,0.5,0.2
deep-10M,scann,"ScaNN,tree=120/40000,AH2,reorder=50",0.76829,15329.262881824116,0.999,0.991,0.954,0.7749,0.3655,70.47861706349207,8.093948101844301,9.684801587301587,0.5,0.3,0.09989999999994321
deep-10M,scann,"ScaNN,tree=150/40000,AH2,reorder=150",0.9265100000000001,21544.695067577843,0.9998,0.9985,0.9934,0.9715,0.8261,90.27533214285715,9.40555333706254,9.91212619047619,0.7,0.5,0.2
deep-10M,scann,"ScaNN,tree=150/40000,AH2,reorder=50",0.76745,21549.034114262227,0.999,0.9909,0.9539,0.7718,0.3629,70.40997817460318,8.089480756684274,9.687718253968255,0.5,0.3,0.09989999999994321
deep-10M,scann,"ScaNN,tree=180/40000,AH2,reorder=150",0.9269299999999999,19323.781178877147,0.9998,0.9985,0.9932,0.9719,0.8285,90.34287777777777,9.409924356196246,9.913792857142859,0.7,0.5,0.2
deep-10M,scann,"ScaNN,tree=180/40000,AH2,reorder=50",0.7666000000000001,19204.380882174508,0.999,0.9909,0.9534,0.7705,0.36,70.32209206349206,8.08286641585911,9.685801587301587,0.5,0.3,0.09989999999994321
deep-10M,scann,"ScaNN,tree=20/40000,AH2,reorder=150",0.8760899999999999,61436.820164581324,0.9998,0.997,0.9793,0.9089,0.6831,82.64412976190476,8.890434379424796,9.63098849206349,0.6,0.4,0.2
deep-10M,scann,"ScaNN,tree=20/40000,AH2,reorder=50",0.75823,44634.452873839655,0.9989,0.9894,0.942,0.7469,0.3545,68.26440912698413,7.920600694307194,9.466797222222223,0.4,0.2,0.0
deep-10M,scann,"ScaNN,tree=30/40000,AH2,reorder=150",0.8974,45367.0745874102,0.9999,0.9977,0.988,0.9404,0.74,85.73595952380954,9.105252891334729,9.743821825396825,0.6,0.4,0.2
deep-10M,scann,"ScaNN,tree=30/40000,AH2,reorder=50",0.76674,37302.69646752882,0.999,0.9906,0.9512,0.7669,0.3667,69.6477896825397,8.027698662678421,9.557593253968253,0.5,0.3,0.09989999999994321
deep-10M,scann,"ScaNN,tree=35/40000,AH2,reorder=150",0.9033200000000001,41218.74422645277,0.9999,0.9979,0.9897,0.948,0.756,86.60186626984127,9.164047213069509,9.772621825396826,0.6,0.4,0.2
deep-10M,scann,"ScaNN,tree=35/40000,AH2,reorder=50",0.7683500000000001,39922.5212757148,0.999,0.9908,0.9527,0.7708,0.37,69.96238333333332,8.051390608553845,9.581126587301588,0.5,0.3,0.09989999999994321
deep-10M,scann,"ScaNN,tree=40/40000,AH2,reorder=150",0.90764,38920.69254139084,0.9999,0.9978,0.9903,0.9539,0.7695,87.2375853174603,9.206221127844431,9.79178849206349,0.7,0.5,0.2
deep-10M,scann,"ScaNN,tree=40/40000,AH2,reorder=50",0.7694,34491.808994686806,0.999,0.9907,0.954,0.7745,0.3715,70.16666706349207,8.067306421845188,9.600426587301587,0.5,0.3,0.09989999999994321
deep-10M,scann,"ScaNN,tree=45/40000,AH2,reorder=150",0.91105,35149.251980249464,0.9999,0.9978,0.9909,0.9582,0.7813,87.77578095238094,9.241863707606974,9.811921825396825,0.7,0.5,0.2
deep-10M,scann,"ScaNN,tree=45/40000,AH2,reorder=50",0.7701800000000001,29829.322360200298,0.999,0.9907,0.9536,0.7775,0.3729,70.3538388888889,8.080787394598367,9.617759920634922,0.5,0.3,0.09989999999994321
deep-10M,scann,"ScaNN,tree=50/40000,AH2,reorder=150",0.9139200000000001,34593.3391617043,0.9999,0.9982,0.9916,0.9615,0.7883,88.21328134920634,9.27118179004332,9.828695634920637,0.7,0.5,0.2
deep-10M,scann,"ScaNN,tree=50/40000,AH2,reorder=50",0.77086,26350.715545355568,0.999,0.9911,0.954,0.7806,0.3714,70.49182420634921,8.09126475622697,9.629033730158731,0.5,0.3,0.09989999999994321
deep-10M,scann,"ScaNN,tree=80/40000,AH2,reorder=150",0.9218999999999999,24237.61076316936,0.9998,0.9985,0.9924,0.968,0.8147,89.48992777777778,9.353998532053254,9.874209523809524,0.7,0.5,0.2
deep-10M,scann,"ScaNN,tree=80/40000,AH2,reorder=50",0.76989,21188.029883363146,0.999,0.9913,0.9534,0.7776,0.3678,70.57062857142857,8.09866001389666,9.66513492063492,0.5,0.3,0.09989999999994321
deep-10M,diskann,"diskann(('R16_L300', {'Ls': 100, 'T': 64}))",0.88479,26125.556778480182,0.9989,0.993,0.9671,0.8971,0.716,83.59965952380952,8.914911851012404,9.507639285714287,0.5,0.3,0.0
deep-10M,diskann,"diskann(('R16_L300', {'Ls': 120, 'T': 64}))",0.90061,26575.427178216065,0.999,0.995,0.9745,0.917,0.7545,85.73095873015875,9.062868041002387,9.565460317460317,0.6,0.3,0.09989999999994321
deep-10M,diskann,"diskann(('R16_L300', {'Ls': 150, 'T': 64}))",0.9179999999999999,21810.776883708208,0.9992,0.9968,0.9831,0.94,0.7947,88.10163174603176,9.229267290923882,9.652597222222221,0.6,0.4,0.1
deep-10M,diskann,"diskann(('R16_L300', {'Ls': 200, 'T': 64}))",0.93653,18574.58990729764,0.9995,0.9983,0.9901,0.9587,0.8419,90.65848333333332,9.40393394711254,9.735624999999999,0.7,0.5,0.2
deep-10M,diskann,"diskann(('R16_L300', {'Ls': 250, 'T': 64}))",0.94906,15332.866142520981,0.9996,0.9985,0.9936,0.9717,0.876,92.43936706349207,9.521953202057876,9.790841666666665,0.7,0.5,0.2
deep-10M,diskann,"diskann(('R16_L300', {'Ls': 30, 'T': 64}))",0.72359,52575.88102717352,0.9884,0.9371,0.8379,0.6609,0.4048,63.445866666666674,7.368159715356503,8.617996428571429,0.2,0.0,0.0
deep-10M,diskann,"diskann(('R16_L300', {'Ls': 50, 'T': 64}))",0.80417,44078.141075559004,0.9959,0.9716,0.9099,0.7834,0.5468,73.22625277777777,8.145622652015556,9.093730158730159,0.3,0.1,0.0
deep-10M,diskann,"diskann(('R16_L300', {'Ls': 70, 'T': 64}))",0.8471399999999999,39512.84215603521,0.9981,0.9847,0.9426,0.8454,0.6342,78.69017142857143,8.557543918505722,9.330667063492061,0.4,0.2,0.0
deep-10M,diskann,"diskann(('R16_L300', {'Ls': 80, 'T': 64}))",0.86233,34286.40561621955,0.9984,0.9883,0.9524,0.867,0.6681,80.646225,8.700417903984158,9.39978253968254,0.5,0.2,0.0
deep-10M,diskann,"diskann(('R16_L300', {'Ls': 90, 'T': 64}))",0.8742800000000001,28821.998235347473,0.9986,0.9908,0.9607,0.8832,0.6932,82.22405555555557,8.815806513796277,9.46303492063492,0.5,0.3,0.0
deep-10M,faiss_hnsw,"faiss ({'M': 16, 'efConstruction': 300}, ef: 100)",0.88177,29539.994069892167,0.9964,0.989,0.9635,0.8952,0.7168,83.3083634920635,8.887492563906896,9.494332539682539,0.5,0.2,0.0
deep-10M,faiss_hnsw,"faiss ({'M': 16, 'efConstruction': 300}, ef: 120)",0.89857,20440.944620946404,0.9974,0.9921,0.9741,0.9145,0.7529,85.53380515873016,9.047188936162833,9.5758,0.6,0.3,0.0
deep-10M,faiss_hnsw,"faiss ({'M': 16, 'efConstruction': 300}, ef: 140)",0.91152,16154.971723145269,0.9976,0.9936,0.9802,0.932,0.7823,87.29545952380954,9.171641906733404,9.641172619047618,0.6,0.3,0.0
deep-10M,faiss_hnsw,"faiss ({'M': 16, 'efConstruction': 300}, ef: 160)",0.92111,12395.26992482403,0.9977,0.995,0.9838,0.9434,0.8064,88.60667380952381,9.261692005844834,9.679056349206348,0.6,0.4,0.0
deep-10M,faiss_hnsw,"faiss ({'M': 16, 'efConstruction': 300}, ef: 180)",0.9289799999999999,11346.588817142981,0.9981,0.9958,0.9867,0.9514,0.8269,89.68332182539683,9.335552823341157,9.713423412698413,0.7,0.4,0.0
deep-10M,faiss_hnsw,"faiss ({'M': 16, 'efConstruction': 300}, ef: 20)",0.60948,69562.24075680356,0.9551,0.844,0.6954,0.4983,0.2783,51.1365753968254,6.251660425972703,7.803584920634922,0.1,0.0,0.0
deep-10M,faiss_hnsw,"faiss ({'M': 16, 'efConstruction': 300}, ef: 200)",0.9353199999999999,12001.357422819468,0.9981,0.9964,0.9883,0.9588,0.8444,90.56231984126984,9.395210949406378,9.741325,0.7,0.4,0.0
deep-10M,faiss_hnsw,"faiss ({'M': 16, 'efConstruction': 300}, ef: 220)",0.94073,15819.855308225313,0.9983,0.9971,0.99,0.9647,0.8572,91.32822579365079,9.44696135647899,9.766541666666665,0.7,0.4990000000000009,0.0
deep-10M,faiss_hnsw,"faiss ({'M': 16, 'efConstruction': 300}, ef: 240)",0.94527,10881.168045306376,0.9984,0.9975,0.9916,0.9686,0.8687,91.97622261904762,9.490435581838168,9.787202777777779,0.7,0.5,0.0
deep-10M,faiss_hnsw,"faiss ({'M': 16, 'efConstruction': 300}, ef: 260)",0.94926,13638.642490884657,0.9984,0.9976,0.9927,0.9724,0.881,92.5405511904762,9.527539845569972,9.801941666666666,0.7,0.5,0.0
deep-10M,faiss_hnsw,"faiss ({'M': 16, 'efConstruction': 300}, ef: 280)",0.9525499999999999,12767.72222567216,0.9986,0.9977,0.9933,0.975,0.8893,93.01323571428571,9.558316000311,9.815477777777778,0.7,0.5,0.0
deep-10M,faiss_hnsw,"faiss ({'M': 16, 'efConstruction': 300}, ef: 300)",0.9553800000000001,11710.365630641521,0.9987,0.9981,0.994,0.9774,0.8978,93.40418253968254,9.58430246318717,9.826602777777778,0.8,0.5,0.0
deep-10M,faiss_hnsw,"faiss ({'M': 16, 'efConstruction': 300}, ef: 40)",0.75647,57359.2584589885,0.988,0.946,0.8614,0.7121,0.4712,67.61069682539683,7.685745302200907,8.81595873015873,0.2,0.0,0.0
deep-10M,faiss_hnsw,"faiss ({'M': 16, 'efConstruction': 300}, ef: 60)",0.82114,43358.70160748436,0.993,0.9722,0.9218,0.8088,0.589,75.52831785714287,8.30897473981556,9.183898412698413,0.4,0.1,0.0
deep-10M,faiss_hnsw,"faiss ({'M': 16, 'efConstruction': 300}, ef: 80)",0.85782,36122.29360800592,0.9951,0.984,0.9496,0.8612,0.6635,80.18232023809523,8.660775132024451,9.379947619047618,0.4,0.2,0.0
deep-10M,zilliz,zilliz_(R32_L300)_ef10,0.65503,1769.8547891715186,0.9831,0.92,0.7792,0.5726,0.2712,55.709315476190476,6.781230901520229,8.409817857142858,0.2,0.0,0.0
deep-10M,zilliz,zilliz_(R32_L300)_ef15,0.7457499999999999,1560.9196090138844,0.9939,0.9615,0.8698,0.6968,0.4235,66.08607896825397,7.6279140008650455,8.907489682539682,0.3,0.1,0.0
deep-10M,zilliz,zilliz_(R32_L300)_ef20,0.7960499999999999,2353.9742380290368,0.9964,0.9791,0.9161,0.7742,0.5112,72.26674404761904,8.109905978503217,9.188667460317461,0.4,0.2,0.0
deep-10M,zilliz,zilliz_(R32_L300)_ef25,0.83172,2366.2633441035455,0.9979,0.9877,0.9449,0.8326,0.5795,76.72292579365079,8.445767577276452,9.356186904761906,0.4,0.2,0.0
deep-10M,zilliz,zilliz_(R32_L300)_ef30,0.85735,1399.5879289785635,0.9986,0.9919,0.9593,0.8692,0.6407,80.07322103174604,8.68717640798502,9.472765079365079,0.5,0.3,0.0
deep-10M,zilliz,zilliz_(R32_L300)_ef35,0.87684,2357.9434983464953,0.9991,0.9943,0.9709,0.8958,0.6864,82.67250912698412,8.870918094585841,9.558777777777777,0.5,0.3,0.1
deep-10M,zilliz,zilliz_(R32_L300)_ef40,0.89247,1413.8414892489934,0.9994,0.9962,0.9783,0.9152,0.7275,84.73171666666667,9.01466154224331,9.617002777777776,0.6,0.4,0.1
deep-10M,zilliz,zilliz_(R32_L300)_ef45,0.90554,1672.8644047435391,0.9997,0.9972,0.9837,0.931,0.7613,86.50784801587302,9.136270968728171,9.669894444444443,0.6,0.4,0.2
deep-10M,zilliz,zilliz_(R32_L300)_ef50,0.91584,1816.7777705585515,0.9997,0.9977,0.987,0.9418,0.7915,87.9282511904762,9.23171978360111,9.710791666666667,0.6,0.4,0.2
deep-10M,zilliz,zilliz_(R32_L300)_ef55,0.92439,2266.464612536132,0.9997,0.9986,0.9895,0.9505,0.814,89.10356507936508,9.309887153356309,9.74034166666667,0.7,0.4,0.2
deep-10M,zilliz,zilliz_(R32_L300)_ef60,0.93201,1655.5975845816222,0.9997,0.9988,0.9914,0.9586,0.8352,90.17365119047619,9.38009375924895,9.767616666666667,0.7,0.5,0.2
deep-10M,zilliz,zilliz_(R32_L300)_ef65,0.93847,2186.233015636688,0.9997,0.999,0.9929,0.9651,0.8531,91.0624003968254,9.4385848165351,9.790633333333332,0.7,0.5,0.2998999999999432
deep-10M,zilliz,zilliz_(R32_L300)_ef70,0.94363,1679.1790602571407,0.9997,0.9992,0.9942,0.9707,0.8648,91.79925753968254,9.487626560654041,9.814591666666665,0.7,0.5,0.3
deep-10M,zilliz,zilliz_(R32_L300)_ef75,0.9482200000000001,2146.822715136711,0.9997,0.9992,0.9951,0.9745,0.8784,92.43242857142857,9.528477362249792,9.828341666666667,0.7,0.5,0.3
deep-10M,zilliz,zilliz_(R32_L300)_ef80,0.95252,1769.976827812769,0.9998,0.9994,0.9959,0.9778,0.8908,93.04846388888888,9.568677991963263,9.846175,0.7,0.6,0.3
deep-10M,faiss-ivf,"FaissIVF(n_list=10000, n_probe=12)",0.84487,4059.3280934309464,0.9993,0.9922,0.9507,0.8366,0.6149,77.87333134920635,8.520233113439959,9.316882142857143,0.5,0.3,0.1
deep-10M,faiss-ivf,"FaissIVF(n_list=10000, n_probe=16)",0.8815799999999999,3345.661022476044,0.9998,0.9963,0.9737,0.8909,0.6956,82.80085198412698,8.876429103285947,9.517363095238094,0.5,0.3,0.1
deep-10M,faiss-ivf,"FaissIVF(n_list=10000, n_probe=20)",0.9045099999999999,2810.8575409325754,0.9999,0.9979,0.9839,0.9244,0.7499,85.98998531746032,9.096998456298932,9.613836904761905,0.6,0.4,0.2
deep-10M,faiss-ivf,"FaissIVF(n_list=10000, n_probe=24)",0.92045,2455.3533037709303,0.9999,0.9985,0.9886,0.9428,0.7923,88.25410793650794,9.24993526733722,9.683053571428571,0.6,0.4,0.2
deep-10M,faiss-ivf,"FaissIVF(n_list=10000, n_probe=28)",0.93262,2237.1016091616593,0.9999,0.9987,0.9921,0.9563,0.8275,89.96050634920634,9.364122040983615,9.734103571428571,0.7,0.5,0.2
deep-10M,faiss-ivf,"FaissIVF(n_list=10000, n_probe=32)",0.94235,1951.6716619759834,0.9999,0.9992,0.9943,0.9669,0.8532,91.3741884920635,9.45843739329765,9.781302380952381,0.7,0.5,0.3
deep-10M,faiss-ivf,"FaissIVF(n_list=10000, n_probe=36)",0.9496399999999999,1735.2303976099408,0.9999,0.9994,0.9957,0.9711,0.8758,92.46993015873016,9.529861352184902,9.81682619047619,0.7,0.5,0.3
deep-10M,faiss-ivf,"FaissIVF(n_list=10000, n_probe=4)",0.6543,15652.613300622215,0.9918,0.9165,0.7491,0.531,0.3002,54.44154682539683,6.650201183195715,8.157558333333332,0.2,0.1,0.0
deep-10M,faiss-ivf,"FaissIVF(n_list=10000, n_probe=40)",0.95529,1569.2875935742443,0.9999,0.9995,0.9965,0.9774,0.8911,93.29803214285714,9.58299085578515,9.83757619047619,0.7,0.6,0.3
deep-10M,faiss-ivf,"FaissIVF(n_list=10000, n_probe=6)",0.7351300000000001,11128.31739247983,0.9968,0.9618,0.8493,0.6602,0.4116,64.00080992063491,7.450036396860132,8.693470238095237,0.3,0.1,0.0
deep-10M,faiss-ivf,"FaissIVF(n_list=10000, n_probe=8)",0.78468,6599.441369613679,0.9984,0.9782,0.8999,0.7388,0.4981,70.15181904761906,7.937897037654341,8.99445515873016,0.3,0.2,0.0
msmarco-10M,faiss-ivfpqfs,"FaissIVFPQfs(n_list=4000, n_probe=128, k_reorder=0)",0.7229369627507164,85.33305252201609,0.9975644699140401,0.980945558739255,0.9163323782234957,0.7050143266475645,0.2674785100286533,66.67702108063857,7.775302949589822,9.607317392095329,0.4,0.2,0.0
msmarco-10M,faiss-ivfpqfs,"FaissIVFPQfs(n_list=4000, n_probe=16, k_reorder=0)",0.6358595988538682,540.8686260620482,0.9756446991404012,0.9143266475644699,0.8040114613180516,0.5530085959885387,0.17750716332378225,56.38836414699595,6.864887288477998,8.900515077091008,0.1,0.0,0.0
msmarco-10M,faiss-ivfpqfs,"FaissIVFPQfs(n_list=4000, n_probe=2, k_reorder=0)",0.44941260744985667,3409.400429816612,0.8382521489971346,0.6835243553008596,0.533381088825215,0.32177650429799426,0.08796561604584527,37.306499863555736,4.864146099093335,6.82779255923955,0.0,0.0,0.0
msmarco-10M,faiss-ivfpqfs,"FaissIVFPQfs(n_list=4000, n_probe=32, k_reorder=0)",0.6741977077363897,312.3870517426633,0.9875358166189112,0.9487106017191977,0.8577363896848138,0.6169054441260745,0.21260744985673352,60.86368365397735,7.276418006097038,9.26198378587347,0.2,0.0,0.0
msmarco-10M,faiss-ivfpqfs,"FaissIVFPQfs(n_list=4000, n_probe=4, k_reorder=0)",0.5285673352435529,1851.5672081530518,0.9130372492836676,0.793839541547278,0.6435530085959885,0.4124641833810888,0.1156160458452722,45.04968163005412,5.7230291542190805,7.805518601901123,0.0,0.0,0.0
msmarco-10M,faiss-ivfpqfs,"FaissIVFPQfs(n_list=4000, n_probe=64, k_reorder=0)",0.7011318051575931,164.09112311240017,0.9936962750716333,0.9687679083094556,0.8916905444126074,0.6621776504297995,0.24054441260744985,64.05850275162597,7.556008847980335,9.466249374630463,0.3,0.1,0.0
msmarco-10M,faiss-ivfpqfs,"FaissIVFPQfs(n_list=4000, n_probe=8, k_reorder=0)",0.5893123209169054,1004.6138531111305,0.9534383954154728,0.8650429799426934,0.7349570200573066,0.4892550143266476,0.14713467048710602,51.330663573930046,6.369327083104681,8.450295060717698,0.1,0.0,0.0
msmarco-10M,faiss-ivfpqfs,"FaissIVFPQfs(n_list=4000, n_probe=128, k_reorder=100)",0.9388681948424068,84.63027474475949,0.9981375358166189,0.9896848137535816,0.973352435530086,0.9446991404011461,0.8648997134670487,91.81514701869287,9.442799032058732,9.773424637285668,0.6,0.2,0.0
msmarco-10M,faiss-ivfpqfs,"FaissIVFPQfs(n_list=4000, n_probe=16, k_reorder=100)",0.8131375358166189,540.0464669288466,0.9765042979942693,0.9240687679083095,0.8680515759312321,0.7853868194842407,0.6459885386819484,76.80553793150499,8.250255674529303,9.061606290080503,0.2,0.0,0.0
msmarco-10M,faiss-ivfpqfs,"FaissIVFPQfs(n_list=4000, n_probe=2, k_reorder=100)",0.5632521489971347,2521.2859347666144,0.8402578796561605,0.6961318051575931,0.5919770773638968,0.4892550143266476,0.3643266475644699,50.23717082821667,5.771054591518525,6.965305066630282,0.0,0.0,0.0
msmarco-10M,faiss-ivfpqfs,"FaissIVFPQfs(n_list=4000, n_probe=32, k_reorder=100)",0.8670630372492838,298.95920982617173,0.9883954154727793,0.9583094555873926,0.919054441260745,0.8531518624641834,0.7320916905444126,83.17739118570064,8.775884893716439,9.422832241779235,0.3,0.0,0.0
msmarco-10M,faiss-ivfpqfs,"FaissIVFPQfs(n_list=4000, n_probe=4, k_reorder=100)",0.667650429799427,1599.4160245782255,0.9146131805157593,0.8077363896848138,0.7074498567335243,0.6051575931232092,0.4706303724928367,60.903825556010375,6.821364202877888,7.951922727065994,0.0,0.0,0.0
msmarco-10M,faiss-ivfpqfs,"FaissIVFPQfs(n_list=4000, n_probe=64, k_reorder=100)",0.9064756446991404,159.0994882517797,0.9945558739255015,0.977650429799427,0.951002865329513,0.9035816618911174,0.8024355300859599,87.86458475462773,9.145976180273331,9.629419657070086,0.5,0.1,0.0
msmarco-10M,faiss-ivfpqfs,"FaissIVFPQfs(n_list=4000, n_probe=8, k_reorder=100)",0.7485386819484241,945.423887805631,0.9545845272206304,0.8759312320916905,0.7994269340974212,0.7040114613180516,0.5617478510028653,69.59737401646427,7.6199394537689615,8.605970005002957,0.1,0.0,0.0
msmarco-10M,puck,"Puck('C1000_F1000_N4_Neighborhood16_Construction200', {'search_coarse_count': 10, 'tinker_search_range': 100})",0.9488681948424069,7787.075391651332,0.9888252148997134,0.9815186246418338,0.9744985673352435,0.9597421203438395,0.9194842406876791,93.82072872606541,9.542850092796224,9.7513786555692,0.7,0.0,0.0
msmarco-10M,puck,"Puck('C1000_F1000_N4_Neighborhood16_Construction200', {'search_coarse_count': 10, 'tinker_search_range': 150})",0.9572349570200573,5961.001316149546,0.9932664756446992,0.98810888252149,0.9818051575931233,0.9687679083094556,0.930945558739255,94.761362964479,9.625805686670121,9.820442761631872,0.8,0.2,0.0
msmarco-10M,puck,"Puck('C1000_F1000_N4_Neighborhood16_Construction200', {'search_coarse_count': 10, 'tinker_search_range': 200})",0.9613467048710602,4757.1768445891785,0.9945558739255015,0.9901146131805157,0.9845272206303725,0.9727793696275072,0.9386819484240687,95.27267135125301,9.665707081825076,9.846640628553235,0.8,0.3,0.0
msmarco-10M,puck,"Puck('C1000_F1000_N4_Neighborhood16_Construction200', {'search_coarse_count': 10, 'tinker_search_range': 250})",0.9648853868194843,3964.8037759311205,0.9961318051575931,0.9921203438395415,0.9878223495702005,0.9763610315186246,0.9431232091690545,95.6755656751717,9.69996899597037,9.873898781097921,0.8,0.4,0.0
msmarco-10M,puck,"Puck('C1000_F1000_N4_Neighborhood16_Construction200', {'search_coarse_count': 10, 'tinker_search_range': 30})",0.9050143266475645,16124.919128217274,0.9664756446991404,0.9508595988538682,0.9386819484240687,0.9153295128939828,0.8522922636103152,88.78777004593623,9.112894131934796,9.396691226633921,0.3,0.0,0.0
msmarco-10M,puck,"Puck('C1000_F1000_N4_Neighborhood16_Construction200', {'search_coarse_count': 10, 'tinker_search_range': 300})",0.9673638968481375,3282.200657219487,0.9964183381088825,0.9934097421203438,0.9893982808022923,0.9796561604584527,0.9484240687679083,95.984221926593,9.724021693351625,9.889598399053988,0.8,0.4,0.0
msmarco-10M,puck,"Puck('C1000_F1000_N4_Neighborhood16_Construction200', {'search_coarse_count': 10, 'tinker_search_range': 350})",0.9693409742120345,2994.6336109964623,0.9974212034383955,0.9944126074498567,0.9905444126074499,0.9819484240687679,0.9522922636103152,96.22108234411245,9.743306877846544,9.904292877609498,0.9,0.5,0.0
msmarco-10M,puck,"Puck('C1000_F1000_N4_Neighborhood16_Construction200', {'search_coarse_count': 10, 'tinker_search_range': 50})",0.9289971346704871,12359.545964795258,0.9792263610315186,0.9673352435530086,0.9583094555873926,0.9391117478510028,0.8889684813753582,91.53224689589301,9.347644715271691,9.589657524901078,0.6,0.0,0.0
msmarco-10M,puck,"Puck('C1000_F1000_N4_Neighborhood16_Construction200', {'search_coarse_count': 10, 'tinker_search_range': 70})",0.9393982808022923,10509.066640629935,0.9848137535816619,0.9743553008595989,0.9667621776504298,0.9494269340974212,0.9055873925501433,92.73295072088052,9.450250932181696,9.676059148587802,0.6,0.0,0.0
msmarco-10M,scann,"ScaNN,tree=100/10000,AH2,reorder=150",0.93310888252149,2332.0630868992207,0.9967048710601719,0.986676217765043,0.9674785100286533,0.9322349570200573,0.8587392550143267,91.29689930413424,9.396436922262415,9.760693250557148,0.6,0.2,0.0
msmarco-10M,scann,"ScaNN,tree=10/10000,AH2,reorder=150",0.8198853868194842,8571.72610405151,0.970487106017192,0.9206303724928366,0.8644699140401146,0.7905444126074499,0.6786532951289398,78.1599973848183,8.326054339081484,9.113431800609451,0.1,0.0,0.0
msmarco-10M,scann,"ScaNN,tree=120/10000,AH2,reorder=150",0.939512893982808,2071.6966946747234,0.9972779369627507,0.9893982808022923,0.9724928366762178,0.9409742120343839,0.8703438395415473,92.08663471596853,9.45749805468677,9.797742415973074,0.6,0.2,0.0
msmarco-10M,scann,"ScaNN,tree=20/10000,AH2,reorder=150",0.8624068767908308,5879.247472181444,0.9826647564469914,0.9497134670487106,0.9051575931232092,0.8431232091690545,0.7399713467048711,83.01692420521219,8.734376494131634,9.380067767317051,0.2,0.0,0.0
msmarco-10M,scann,"ScaNN,tree=30/10000,AH2,reorder=150",0.8831661891117479,4652.729875631569,0.9892550143266475,0.9627507163323782,0.9244985673352436,0.8689111747851003,0.7733524355300859,85.34858780188294,8.926656415177765,9.488210647200619,0.3,0.0,0.0
msmarco-10M,scann,"ScaNN,tree=40/10000,AH2,reorder=150",0.896189111747851,4112.576846085878,0.990974212034384,0.9696275071633238,0.9368194842406877,0.8848137535816619,0.793839541547278,86.90723211443125,9.051385396074448,9.565559194069223,0.4,0.1,0.0
msmarco-10M,scann,"ScaNN,tree=50/10000,AH2,reorder=150",0.9062320916905444,3574.150050066499,0.9931232091690544,0.9744985673352435,0.9461318051575931,0.8987106017191977,0.8107449856733524,88.06056647109655,9.144451331038491,9.619750875517349,0.4,0.1,0.0
msmarco-10M,scann,"ScaNN,tree=60/10000,AH2,reorder=150",0.9143123209169055,3266.349538686052,0.9944126074498567,0.9782234957020057,0.953295128939828,0.9077363896848137,0.8253581661891117,89.04449731659618,9.221532045042467,9.666512598353574,0.5,0.1,0.0
msmarco-10M,scann,"ScaNN,tree=80/10000,AH2,reorder=150",0.9251432664756447,2761.211497470451,0.9958452722063037,0.9826647564469914,0.9621776504297994,0.921919770773639,0.8449856733524356,90.3609058761996,9.323984162583526,9.72296413789967,0.5,0.2,0.0
msmarco-10M,diskann,"diskann(('R16_L300', {'Ls': 15, 'T': 64}))",0.7227363896848138,15094.433223564982,0.8011461318051576,0.7790830945558739,0.757593123209169,0.724785100286533,0.6467048710601719,69.95198412698413,7.277634785358478,7.589754172920362,0.0,0.0,0.0
msmarco-10M,diskann,"diskann(('R16_L300', {'Ls': 20, 'T': 64}))",0.7867191977077364,13394.949126517076,0.8600286532951289,0.8376790830945559,0.8177650429799427,0.7879656160458453,0.7171919770773639,76.52670669031701,7.911514157148865,8.200594101059718,0.0,0.0,0.0
msmarco-10M,diskann,"diskann(('R16_L300', {'Ls': 25, 'T': 64}))",0.8296561604584527,12072.811499344529,0.897134670487106,0.876647564469914,0.8585959885386819,0.8297994269340975,0.7667621776504298,80.95691886114521,8.336831162201467,8.60906444717333,0.0,0.0,0.0
msmarco-10M,diskann,"diskann(('R16_L300', {'Ls': 40, 'T': 64}))",0.8860888252148997,9832.6726169585,0.9421203438395416,0.9249283667621776,0.9120343839541547,0.8872492836676218,0.8329512893982808,86.92846966389229,8.896590432152236,9.129486173648065,0.0,0.0,0.0
msmarco-10M,diskann,"diskann(('R16_L300', {'Ls': 50, 'T': 64}))",0.9035386819484241,8536.31063329886,0.9555873925501432,0.9398280802292264,0.9279369627507164,0.9038681948424069,0.8530085959885387,88.78590189657525,9.06894828993945,9.289423295583754,0.1,0.0,0.0
msmarco-10M,diskann,"diskann(('R16_L300', {'Ls': 60, 'T': 64}))",0.913997134670487,7715.9720091433355,0.9631805157593123,0.9489971346704871,0.9379656160458453,0.9144699140401146,0.8667621776504298,89.89419088552327,9.172306270161076,9.382028585072998,0.2,0.0,0.0
msmarco-10M,diskann,"diskann(('R16_L300', {'Ls': 85, 'T': 64}))",0.9312177650429799,6218.595971752735,0.974785100286533,0.9641833810888252,0.9540114613180516,0.932378223495702,0.8873925501432665,91.7334026925001,9.343291131482971,9.539204984763725,0.5,0.0,0.0
msmarco-10M,diskann,"diskann(('R32_L500', {'Ls': 15, 'T': 64}))",0.8770057306590259,10502.665077671581,0.9335243553008596,0.9181948424068768,0.9060171919770774,0.8830945558739255,0.8180515759312321,85.93802758448174,8.808085868456349,9.03902647018693,0.0,0.0,0.0
msmarco-10M,diskann,"diskann(('R32_L500', {'Ls': 20, 'T': 64}))",0.9034240687679084,9285.210839084211,0.9515759312320917,0.9386819484240687,0.9279369627507164,0.9090257879656161,0.8538681948424068,88.80671135216262,9.064827063770801,9.260933165052077,0.1,0.0,0.0
msmarco-10M,diskann,"diskann(('R32_L500', {'Ls': 25, 'T': 64}))",0.9201146131805158,7948.256377204038,0.9631805157593123,0.9517191977077364,0.9424068767908309,0.9253581661891117,0.8750716332378223,90.60795185791604,9.226759714783322,9.396466093600763,0.3,0.0,0.0
msmarco-10M,diskann,"diskann(('R32_L500', {'Ls': 40, 'T': 64}))",0.9474212034383955,6880.162851422752,0.9797994269340974,0.9723495702005731,0.9650429799426934,0.9527220630372493,0.9144699140401146,93.66008948469552,9.495851534699414,9.632389025333152,0.7,0.0,0.0
msmarco-10M,diskann,"diskann(('R32_L500', {'Ls': 50, 'T': 64}))",0.9555873925501432,5920.512562177912,0.9843839541547278,0.9779369627507163,0.9713467048710601,0.960458452722063,0.9259312320916906,94.59345692909447,9.575873148725048,9.69791012871242,0.7,0.0,0.0
msmarco-10M,diskann,"diskann(('R32_L500', {'Ls': 60, 'T': 64}))",0.9608309455587392,5183.980915968356,0.9869627507163323,0.9815186246418338,0.9760744985673352,0.9650429799426934,0.9333810888252149,95.17338313548915,9.625173769767725,9.733229863100922,0.8,0.0,0.0
msmarco-10M,diskann,"diskann(('R32_L500', {'Ls': 85, 'T': 64}))",0.9699570200573066,4148.812097040248,0.9911174785100286,0.9871060171919771,0.9826647564469914,0.9736389684813753,0.9474212034383954,96.23975587847364,9.714351415679431,9.80719231818802,0.8,0.1,0.0
msmarco-10M,faiss_hnsw,"faiss ({'M': 16, 'efConstruction': 300}, ef: 100)",0.7968194842406877,5194.483119843663,0.9179083094555874,0.8819484240687679,0.8462750716332378,0.7991404011461318,0.6879656160458453,75.91456599354164,8.041988892979287,8.584344157911493,0.0,0.0,0.0
msmarco-10M,faiss_hnsw,"faiss ({'M': 16, 'efConstruction': 300}, ef: 1000)",0.9143123209169055,541.6806838367935,0.9925501432664756,0.9813753581661891,0.9660458452722063,0.9305157593123209,0.8369627507163324,88.66969743484786,9.218819947404342,9.640313025878926,0.6,0.1,0.0
msmarco-10M,faiss_hnsw,"faiss ({'M': 16, 'efConstruction': 300}, ef: 155)",0.8334957020057306,3561.348751768282,0.9491404011461319,0.9166189111747851,0.8843839541547278,0.8391117478510028,0.7287965616045845,79.70523263746759,8.412432833608598,8.954502660663119,0.0,0.0,0.0
msmarco-10M,faiss_hnsw,"faiss ({'M': 16, 'efConstruction': 300}, ef: 200)",0.8505873925501433,2864.278103882348,0.9610315186246419,0.9336676217765043,0.9022922636103152,0.8580229226361031,0.7482808022922636,81.51446934552236,8.585982227350867,9.117363100923273,0.1,0.0,0.0
msmarco-10M,faiss_hnsw,"faiss ({'M': 16, 'efConstruction': 300}, ef: 30)",0.6269054441260745,13194.539391522052,0.760458452722063,0.7127507163323782,0.6712034383954155,0.6189111747851003,0.5098853868194843,58.86096045390458,6.341335422892048,6.906190021376268,0.0,0.0,0.0
msmarco-10M,faiss_hnsw,"faiss ({'M': 16, 'efConstruction': 300}, ef: 300)",0.8716905444126075,1916.597403894819,0.9726361031518624,0.9512893982808023,0.9256446991404012,0.8815186246418338,0.7739255014326648,83.80633385636968,8.795530824158718,9.293319916314186,0.3,0.0,0.0
msmarco-10M,faiss_hnsw,"faiss ({'M': 16, 'efConstruction': 300}, ef: 500)",0.892621776504298,1180.1605159833919,0.9833810888252149,0.9684813753581661,0.9459885386819484,0.9048710601719198,0.8032951289398281,86.16432153090463,9.006692718702965,9.478943807704553,0.4,0.0,0.0
msmarco-10M,faiss_hnsw,"faiss ({'M': 16, 'efConstruction': 300}, ef: 60)",0.7389255014326648,7851.013768927448,0.8669054441260745,0.8243553008595988,0.7855300859598854,0.7365329512893983,0.6275071633237822,70.09804941556374,7.464869148677645,8.030523150043207,0.0,0.0,0.0
msmarco-10M,faiss-ivf,"FaissIVF(n_list=4000, n_probe=10)",0.7700286532951289,526.1086052351831,0.9638968481375358,0.8944126074498567,0.8213467048710602,0.730945558739255,0.58810888252149,71.90202960840497,7.829732981039839,8.773366648474097,0.1,0.0,0.0
msmarco-10M,faiss-ivf,"FaissIVF(n_list=4000, n_probe=100)",0.9280945558739255,56.07839854703058,0.9968481375358166,0.9863896848137536,0.9663323782234957,0.929512893982808,0.8452722063037249,90.49363714922453,9.345596863595784,9.73222699777141,0.6,0.2,0.0
msmarco-10M,faiss-ivf,"FaissIVF(n_list=4000, n_probe=150)",0.9450859598853869,37.955317724248445,0.9982808022922636,0.9911174785100286,0.9772206303724928,0.9517191977077364,0.8780802292263611,92.62810240141901,9.502062993177256,9.805417405739755,0.7,0.3,0.0
msmarco-10M,faiss-ivf,"FaissIVF(n_list=4000, n_probe=20)",0.831461318051576,270.8376384052295,0.9819484240687679,0.9356733524355301,0.8845272206303725,0.8075931232091691,0.6743553008595988,78.95962159457862,8.430963171720862,9.198459316869059,0.2,0.0,0.0
msmarco-10M,faiss-ivf,"FaissIVF(n_list=4000, n_probe=200)",0.9553581661891117,28.319623009383996,0.9991404011461318,0.9944126074498567,0.9848137535816619,0.9624641833810889,0.8994269340974212,93.92748953927322,9.596433213403987,9.850051166598444,0.7,0.4,0.1
msmarco-10M,faiss-ivf,"FaissIVF(n_list=4000, n_probe=30)",0.8624212034383953,182.52443320228915,0.9878223495702005,0.955730659025788,0.9143266475644699,0.8467048710601719,0.7250716332378223,82.62139843998726,8.731628819880784,9.39899940874153,0.3,0.0,0.0
msmarco-10M,faiss-ivf,"FaissIVF(n_list=4000, n_probe=40)",0.8820916905444125,126.76113066842095,0.9911174785100286,0.9659025787965616,0.9310888252148997,0.8729226361031519,0.7564469914040115,84.96787704097875,8.919867040361012,9.512262359576113,0.4,0.1,0.0
msmarco-10M,faiss-ivf,"FaissIVF(n_list=4000, n_probe=60)",0.9031375358166189,93.38805176356516,0.994269340974212,0.97621776504298,0.948567335243553,0.8991404011461318,0.7954154727793696,87.46633180970574,9.115142692815626,9.614820120980578,0.4,0.1,0.0
msmarco-10M,faiss-ivf,"FaissIVF(n_list=4000, n_probe=80)",0.9173495702005731,69.76783244067063,0.9965616045845272,0.9829512893982808,0.9588825214899713,0.9169054441260746,0.8216332378223495,89.1363402237686,9.244064995982209,9.675790808204848,0.5,0.2,0.0
